Date,Close,Open,High,Low,Volumen,Change %
18-Jan-18,11045,11101,11881,10515,85240,-0.33%
19-Jan-18,11476,11036,11879,10649,48550,3.90%
20-Jan-18,12728,11462,13002,11425,46300,10.91%
21-Jan-18,11514,12732,12732,11020,53620,-9.54%
22-Jan-18,10771,11519,11886,10009,66350,-6.45%
23-Jan-18,10819,10770,11383,9901.1,63850,0.45%
24-Jan-18,11414,10811,11529,10454,43820,5.50%
25-Jan-18,11146,11402,11723,10857,34440,-2.35%
26-Jan-18,11070,11144,11647,10298,56750,-0.68%
27-Jan-18,11461,11068,11683,10822,34400,3.53%
28-Jan-18,11839,11455.1,12181,11398,29620,3.30%
29-Jan-18,11212,11836,11957,11074,25650,-5.30%
30-Jan-18,10175,11215,11250,9864.9,61280,-9.25%
31-Jan-18,10284,10170,10411,9761,43230,1.07%
1-Feb-18,9181.1,10278,10311,8941,78780,-10.72%
2-Feb-18,8895.8,9181,9201,7972.2,123340,-3.11%
3-Feb-18,9219.4,8887.1,9495,8189.6,51910,3.64%
4-Feb-18,8200,9225.1,9403.3,7840,74420,-11.06%
5-Feb-18,6949.9,8185.2,8378,6658.8,131290,-15.25%
6-Feb-18,7673.8,6946.6,7860,6000,192760,10.42%
7-Feb-18,7587,7679.4,8488.2,7175.1,106700,-1.13%
8-Feb-18,8235.1,7585,8648.8,7579.6,77620,8.54%
9-Feb-18,8683.2,8240,8748,7734.7,63030,5.44%
10-Feb-18,8563.1,8678.1,9074.3,8152.1,68150,-1.38%
11-Feb-18,8069,8563,8569,7851,52210,-5.77%
12-Feb-18,8900.6,8070,9000,8070,51400,10.31%
13-Feb-18,8515.9,8902.9,8952.8,8339.7,39510,-4.32%
14-Feb-18,9455.4,8515.9,9488,8512.6,50360,11.03%
15-Feb-18,9996.9,9454.3,10175,9338.8,67530,5.73%
16-Feb-18,10162,9996,10270,9674.9,43890,1.65%
17-Feb-18,11053.5,10161,11083,10050,52800,8.77%
18-Feb-18,10372,11062,11250,10122,69830,-6.17%
19-Feb-18,11173,10398,11250,10308,50740,7.72%
20-Feb-18,11218,11172,11776,11101,60920,0.40%
21-Feb-18,10455,11216,11239,10200,76960,-6.80%
22-Feb-18,9830,10453.2,10912,9740,71230,-5.98%
23-Feb-18,10145,9826.5,10395,9583.9,59070,3.20%
24-Feb-18,9666.3,10144,10499,9350.3,55700,-4.72%
25-Feb-18,9557.4,9666.3,9840,9284.3,30520,-1.13%
26-Feb-18,10321,9583,10437,9359.9,45940,7.99%
27-Feb-18,10569,10320,10880,10133,39720,2.40%
28-Feb-18,10315,10583,11063,10270,43890,-2.40%
1-Mar-18,10925,10316,11087,10224,33870,5.91%
2-Mar-18,11025,10908,11189,10766,28860,0.92%
3-Mar-18,11440,11024,11526,11024,30650,3.76%
4-Mar-18,11501,11454,11544,11061,28070,0.53%
5-Mar-18,11416,11497,11696,11390,27560,-0.74%
6-Mar-18,10720,11403,11403,10578,44240,-6.10%
7-Mar-18,9902.9,10779,10899,9422.1,75220,-7.62%
8-Mar-18,9300,9910.7,10109,9037,67750,-6.09%
9-Mar-18,9217,9301.9,9420.5,8351,98200,-0.89%
10-Mar-18,8762,9216.2,9500,8691.1,52540,-4.94%
11-Mar-18,9528,8764.4,9726.1,8429,70480,8.74%
12-Mar-18,9121,9528,9894.7,8776.8,67580,-4.27%
13-Mar-18,9135,9130.2,9479,8827.7,61540,0.15%
14-Mar-18,8186.6,9135.2,9400.1,7923.8,78810,-10.38%
15-Mar-18,8252.9,8181.3,8416.7,7666.3,82580,0.81%
16-Mar-18,8251,8250.1,8602.7,7903.2,56340,-0.02%
17-Mar-18,7851,8250,8350.1,7729.5,48970,-4.85%
18-Mar-18,8200.2,7832,8285.6,7240,88920,4.45%
19-Mar-18,8600.1,8209,8689.9,8100,73280,4.88%
20-Mar-18,8899.7,8600.2,9025,8309.6,54280,3.48%
21-Mar-18,8900.1,8899.8,9175.2,8755.7,42860,0.00%
22-Mar-18,8706.4,8888.6,9088,8453.1,54420,-2.18%
23-Mar-18,8908,8703.8,8910,8272.8,44910,2.32%
24-Mar-18,8535,8911.4,9040.2,8463,44210,-4.19%
25-Mar-18,8445.1,8525,8673.9,8373,30690,-1.05%
26-Mar-18,8119.1,8445,8496.4,7839.1,56380,-3.86%
27-Mar-18,7784.5,8128,8209,7727,50410,-4.12%
28-Mar-18,7936.1,7784.5,8118,7725,35080,1.95%
29-Mar-18,7094,7936,7963.9,6897.2,77410,-10.61%
30-Mar-18,6840.4,7091.5,7267.3,6533,108250,-3.57%
31-Mar-18,6925.3,6838.1,7221.9,6782.9,68020,1.24%
1-Apr-18,6810,6925.4,7035.1,6432.4,54900,-1.66%
2-Apr-18,7052.7,6813.1,7121.4,6770.2,44010,3.56%
3-Apr-18,7405.6,7073.8,7509.6,7020,49860,5.00%
4-Apr-18,6785.9,7403.3,7422,6670,53720,-8.37%
5-Apr-18,6765,6785.8,6911,6571.9,45850,-0.31%
6-Apr-18,6610.2,6767.2,6851.5,6501.1,42140,-2.29%
7-Apr-18,6892.6,6610,7075.4,6599.9,40610,4.27%
8-Apr-18,7023.9,6892.6,7114.8,6883,29330,1.90%
9-Apr-18,6764.6,7024,7187.4,6611,75960,-3.69%
10-Apr-18,6839.3,6770.9,6890.6,6650,26150,1.10%
11-Apr-18,6943.1,6839.3,6975.7,6795,29540,1.52%
12-Apr-18,7912,6944,8083.7,6761.3,94570,13.95%
13-Apr-18,7885.8,7915.2,8230,7746,59910,-0.33%
14-Apr-18,8002.9,7885.8,8182,7820.7,26520,1.48%
15-Apr-18,8354.1,8003,8426.3,7997.2,31900,4.39%
16-Apr-18,8056.2,8354.8,8415,7900.3,37560,-3.57%
17-Apr-18,7889.9,8056.1,8169,7823.3,28230,-2.06%
18-Apr-18,8166.3,7888.8,8229,7874.7,29540,3.50%
19-Apr-18,8272.8,8166.4,8296.8,8099.9,29210,1.30%
20-Apr-18,8866.1,8272.8,8937.5,8219,50900,7.17%
21-Apr-18,8919.1,8865.4,9029,8618.9,39560,0.60%
22-Apr-18,8800,8917.6,8979.8,8752.9,31430,-1.34%
23-Apr-18,8940,8791.4,8940,8769.9,23260,1.59%
24-Apr-18,9644.4,8940.2,9737.9,8929.9,60350,7.88%
25-Apr-18,8878.4,9643,9761.5,8768.4,74490,-7.94%
26-Apr-18,9279.3,8850.1,9308,8656,43210,4.52%
27-Apr-18,8920.1,9269.7,9381.1,8902.8,30150,-3.87%
28-Apr-18,9345.3,8911,9436,8845,45080,4.77%
29-Apr-18,9398.6,9340.3,9564.1,9184.6,27310,0.57%
30-Apr-18,9240,9400,9450,9110.7,23260,-1.69%
1-May-18,9067,9240.7,9240.7,8829.1,25590,-1.87%
2-May-18,9236.4,9069.1,9279.8,8979.6,20180,1.87%
3-May-18,9762.1,9237.9,9838,9162.8,36480,5.69%
4-May-18,9702.8,9759,9811.9,9557,24540,-0.61%
5-May-18,9859.6,9702.9,9990,9685.9,29510,1.62%
6-May-18,9658.7,9859.6,9963.9,9455,26920,-2.04%
7-May-18,9370,9659,9675.7,9200,25780,-2.99%
8-May-18,9184.7,9356.4,9469.7,9052.3,25860,-1.98%
9-May-18,9318.2,9180.7,9370.9,8980.1,22810,1.45%
10-May-18,9018.7,9320,9390,9003,23620,-3.21%
11-May-18,8412.4,9015.2,9015.2,8341.8,54490,-6.72%
12-May-18,8462.7,8419.5,8631.6,8204.5,36660,0.60%
13-May-18,8683.6,8467,8753,8320,22900,2.61%
14-May-18,8670.8,8683.8,8882.4,8279.5,37150,-0.15%
15-May-18,8467.5,8668.5,8838,8420.7,26210,-2.34%
16-May-18,8336.1,8467,8488.7,8103.6,32760,-1.55%
17-May-18,8051.8,8349.7,8466.9,7986.8,25190,-3.41%
18-May-18,8239,8054.8,8276.6,7927.8,23440,2.32%
19-May-18,8232.3,8238.9,8400.1,8142,14150,-0.08%
20-May-18,8523.7,8230.9,8580,8171.5,15500,3.54%
21-May-18,8393.4,8523.7,8586.9,8317.7,17220,-1.53%
22-May-18,7977.3,8399.6,8406.5,7947.2,20530,-4.96%
23-May-18,7494.8,7978,8020,7442.1,41680,-6.05%
24-May-18,7576.7,7503.3,7718,7260.9,38860,1.09%
25-May-18,7458,7576,7654.1,7323.1,25870,-1.57%
26-May-18,7330.3,7456.7,7621.7,7286.1,13810,-1.71%
27-May-18,7339.7,7330.8,7411.5,7220.1,16170,0.13%
28-May-18,7097.9,7339.6,7434.8,7062.4,26680,-3.29%
29-May-18,7460,7104,7527.9,7048.6,27900,5.10%
30-May-18,7375.1,7465.3,7557.5,7279.6,22080,-1.14%
31-May-18,7485.8,7375.1,7599.7,7338,19460,1.50%
1-Jun-18,7521,7485.9,7599.8,7344.8,19040,0.47%
2-Jun-18,7638.1,7521.1,7691.2,7445.5,17360,1.56%
3-Jun-18,7718,7639,7777.4,7600,13800,1.05%
4-Jun-18,7488.3,7718,7761.5,7457.5,18130,-2.98%
5-Jun-18,7621.7,7487.9,7669,7372.9,16840,1.78%
6-Jun-18,7654,7621.9,7698,7495.2,18270,0.42%
7-Jun-18,7688.9,7653.9,7756.1,7645.8,11040,0.46%
8-Jun-18,7615.1,7685.7,7697,7544,12200,-0.96%
9-Jun-18,7498.6,7615.2,7684.9,7467.7,7220,-1.53%
10-Jun-18,6757.3,7498.1,7498.1,6633.9,57820,-9.89%
11-Jun-18,6873.3,6757.3,6897,6631,22380,1.72%
12-Jun-18,6543.9,6873.2,6873.2,6441,32010,-4.79%
13-Jun-18,6295.2,6543.1,6611.7,6125.7,45580,-3.80%
14-Jun-18,6633.7,6295.1,6703.4,6269.5,33060,5.38%
15-Jun-18,6385,6638,6655.5,6360.3,21290,-3.75%
16-Jun-18,6485.9,6386.2,6557.2,6330,13700,1.58%
17-Jun-18,6435.7,6491,6573,6426.9,9440,-0.77%
18-Jun-18,6709.2,6443.5,6826.8,6378.6,26370,4.25%
19-Jun-18,6737.5,6711.6,6832.9,6666.2,17380,0.42%
20-Jun-18,6760.4,6732.7,6818.2,6560,18710,0.34%
21-Jun-18,6713.5,6760,6787.1,6680.1,10650,-0.69%
22-Jun-18,6042.6,6715.2,6730.7,5929.1,55250,-9.99%
23-Jun-18,6152,6041,6253.9,6014,20700,1.81%
24-Jun-18,6148,6151.9,6249.7,5762.9,45500,-0.06%
25-Jun-18,6246.6,6146.1,6334.2,6082.1,27910,1.60%
26-Jun-18,6078.5,6250.8,6273.7,6050.2,18830,-2.69%
27-Jun-18,6133.1,6073.5,6181.4,5989,18270,0.90%
28-Jun-18,5850,6133.1,6167.7,5829.9,17940,-4.62%
29-Jun-18,6208.1,5848.1,6273,5782.9,33930,6.12%
30-Jun-18,6391.5,6208.2,6518.1,6195.8,23860,2.95%
1-Jul-18,6349.7,6391.5,6435,6260.2,11380,-0.65%
2-Jul-18,6581.3,6617.6,6672.4,6539,26920,3.65%
3-Jul-18,6500,6617.6,6672.4,6470.5,17260,-1.24%
4-Jul-18,6590,6509,6778.3,6418.7,22490,1.38%
5-Jul-18,6540.2,6589.9,6697.7,6452,23130,-0.76%
6-Jul-18,6602.1,6531.6,6636.9,6452.9,14950,0.95%
7-Jul-18,6761.7,6602.2,6826.1,6511.5,15290,2.42%
8-Jul-18,6707,6761.8,6790.8,6669.1,13710,-0.81%
9-Jul-18,6666.7,6705.9,6820,6617.1,16300,-0.60%
10-Jul-18,6301.5,6666.9,6680.1,6269.3,28020,-5.48%
11-Jul-18,6377.8,6299,6402.8,6287.7,16410,1.21%
12-Jul-18,6249,6377.7,6377.7,6080.8,24980,-2.02%
13-Jul-18,6220,6240.6,6335.1,6133.4,20090,-0.46%
14-Jul-18,6250.1,6219.7,6320,6179.3,8900,0.48%
15-Jul-18,6347.2,6250,6388.9,6232.3,10990,1.55%
16-Jul-18,6729.2,6347.7,6750,6328.9,31000,6.02%
17-Jul-18,7319.8,6734.3,7462.9,6667.4,48120,8.78%
18-Jul-18,7379.4,7320,7586.5,7249.9,39620,0.81%
19-Jul-18,7473.5,7379.8,7559.9,7282.9,22190,1.28%
20-Jul-18,7333.1,7473.6,7681,7278.2,32740,-1.88%
21-Jul-18,7403.3,7333,7458,7221,11410,0.96%
22-Jul-18,7400.5,7403.4,7572.7,7338.9,17170,-0.04%
23-Jul-18,7719.8,7397.7,7800.7,7374.1,47520,4.31%
24-Jul-18,8394.5,7719.8,8500.2,7692.3,64680,8.74%
25-Jul-18,8176,8380,8485.7,8073,36970,-2.60%
26-Jul-18,7939,8178.4,8313.1,7869.8,32780,-2.90%
27-Jul-18,8185.7,7933.5,8280.3,7815.1,34220,3.11%
28-Jul-18,8246.4,8188,8246.4,8073.9,13660,0.74%
29-Jul-18,8221,8235.7,8293.9,8123,10190,-0.31%
30-Jul-18,8179.6,8218.5,8274.2,7862.9,37580,-0.50%
31-Jul-18,7730.6,8179.5,8179.5,7670,43550,-5.49%
1-Aug-18,7608.8,7731.3,7755.6,7444.2,30740,-1.58%
2-Aug-18,7535.2,7606,7707.1,7463.1,17750,-0.97%
3-Aug-18,7420,7533.2,7533.2,7283.6,30880,-1.53%
4-Aug-18,7013.2,7420,7490,6930,31720,-5.48%
5-Aug-18,7025.8,7013.2,7089.7,6890.2,17680,0.18%
6-Aug-18,6941.3,7025.8,7149.9,6847,18120,-1.20%
7-Aug-18,6720.5,6940.1,7149.9,6678.8,32250,-3.18%
8-Aug-18,6279.2,6718.8,6720.1,6131,53880,-6.57%
9-Aug-18,6529.1,6280.7,6623.7,6188.2,33380,3.98%
10-Aug-18,6146.8,6533.6,6573.6,6014.5,43500,-5.86%
11-Aug-18,6232.7,6147,6485.7,6008.2,37120,1.40%
12-Aug-18,6313.9,6234.7,6481.7,6163.3,23050,1.30%
13-Aug-18,6251.9,6312.2,6541.8,6150,32330,-0.98%
14-Aug-18,6189,6241.3,6244,5879.3,52700,-1.01%
15-Aug-18,6270.1,6188.6,6623.8,6181.1,66220,1.31%
16-Aug-18,6314,6270.2,6474.7,6215.2,25140,0.70%
17-Aug-18,6583.3,6312,6588.7,6290.2,26760,4.27%
18-Aug-18,6391.2,6585.9,6615,6301.9,19730,-2.92%
19-Aug-18,6485.1,6395,6550,6309.3,15350,1.47%
20-Aug-18,6255.9,6485.1,6520.6,6230.2,31720,-3.53%
21-Aug-18,6479.1,6255.2,6500,6245,29500,3.57%
22-Aug-18,6354.9,6479.1,6885,6253,58960,-1.92%
23-Aug-18,6527.2,6363.8,6565.6,6350,19940,2.71%
24-Aug-18,6695.9,6530.5,6728.3,6462.7,20200,2.58%
25-Aug-18,6732.9,6693.3,6795.5,6670,16880,0.55%
26-Aug-18,6708.4,6732.8,6784.1,6574.5,16750,-0.36%
27-Aug-18,6909.5,6707,6911.6,6653.5,24210,3.00%
28-Aug-18,7079.7,6910.5,7127.2,6872,30070,2.46%
29-Aug-18,7045.7,7079.9,7133.6,6931.6,19830,-0.48%
30-Aug-18,6994.7,7037.9,7060,6802.4,24580,-0.72%
31-Aug-18,7025.9,6986.1,7084,6889,19380,0.45%
1-Sep-18,7197.5,7022.9,7260.4,7020.5,21390,2.44%
2-Sep-18,7290.4,7197.5,7367,7137.2,44680,1.29%
3-Sep-18,7268,7304.7,7341.4,7200.1,22310,-0.31%
4-Sep-18,7358.9,7267.8,7410.3,7246.2,20820,1.25%
5-Sep-18,6710.5,7357.3,7400,6700,55650,-8.81%
6-Sep-18,6515.6,6705,6720.8,6310.3,53000,-2.90%
7-Sep-18,6404.1,6516.1,6532.9,6322.8,20740,-1.71%
8-Sep-18,6185,6404.2,6475.1,6130.3,21850,-3.42%
9-Sep-18,6239.9,6184.9,6427.6,6142.2,16460,0.89%
10-Sep-18,6308,6240,6363.5,6233.2,14450,1.09%
11-Sep-18,6290.8,6332.1,6397.1,6178.1,16610,-0.27%
12-Sep-18,6332,6290.9,6355,6203.1,16080,0.65%
13-Sep-18,6475.6,6334,6523.4,6334,19240,2.27%
14-Sep-18,6485,6495,6593,6355.6,16370,0.15%
15-Sep-18,6513.6,6480.1,6568.9,6473.6,8350,0.44%
16-Sep-18,6498.5,6512.8,6517.8,6384.5,8730,-0.23%
17-Sep-18,6254.2,6506.1,6532.8,6205.1,23540,-3.76%
18-Sep-18,6342.8,6243,6384,6229.2,15930,1.42%
19-Sep-18,6390.9,6330.8,6521.5,6112.7,29900,0.76%
20-Sep-18,6500.5,6392.8,6535,6357.2,16670,1.71%
21-Sep-18,6762.7,6522.1,6790,6496,36990,4.03%
22-Sep-18,6723,6789.8,6840,6643.6,18260,-0.59%
23-Sep-18,6710,6723.1,6783.3,6664.2,8510,-0.19%
24-Sep-18,6585,6697.8,6721.7,6555.1,17760,-1.86%
25-Sep-18,6434.7,6585.1,6585.1,6350.2,20210,-2.28%
26-Sep-18,6462.4,6442.8,6552.7,6385.8,13810,0.43%
27-Sep-18,6692.5,6462.4,6727.2,6440.7,18370,3.56%
28-Sep-18,6635.1,6691.2,6825,6545.1,27890,-0.86%
29-Sep-18,6604.6,6627.3,6631.2,6466,17300,-0.46%
30-Sep-18,6618.1,6590,6656.5,6533.3,8490,0.20%
1-Oct-18,6601.9,6625.9,6659.6,6521,10360,-0.24%
2-Oct-18,6533.3,6602,6638.4,6514.1,12030,-1.04%
3-Oct-18,6503.2,6527.5,6552.5,6428.1,14570,-0.46%
4-Oct-18,6580.1,6507.9,6640,6499.3,11790,1.18%
5-Oct-18,6644.7,6594.3,6666.9,6548,12430,0.98%
6-Oct-18,6592,6639.9,6648.2,6564.5,5800,-0.79%
7-Oct-18,6601,6595.2,6633.7,6532.8,5800,0.14%
8-Oct-18,6673.2,6617,6718.4,6585.9,12700,1.09%
9-Oct-18,6663,6679.7,6680.6,6608.5,8020,-0.15%
10-Oct-18,6630.2,6659.7,6659.7,6529.7,13820,-0.49%
11-Oct-18,6252,6628,6628,6223.8,41610,-5.70%
12-Oct-18,6293.2,6249,6348.4,6223,10400,0.66%
13-Oct-18,6326.5,6288.6,6331.4,6288.6,5820,0.53%
14-Oct-18,6335.2,6326,6399.1,6318.5,11230,0.14%
15-Oct-18,6742,6322.7,7704.2,6300,85000,6.42%
16-Oct-18,6754.1,6739,6891.8,6679,15660,0.18%
17-Oct-18,6737.1,6754.2,6792.7,6681.3,8880,-0.25%
18-Oct-18,6613,6736.4,6778.2,6567.5,12530,-1.84%
19-Oct-18,6527.3,6609.6,6630.2,6519.9,11200,-1.30%
20-Oct-18,6586.7,6517,6609.7,6511.3,4610,0.91%
21-Oct-18,6591.6,6582.9,6655,6582.9,4420,0.07%
22-Oct-18,6567.2,6587.4,6627.6,6549.1,6050,-0.37%
23-Oct-18,6550,6567.2,6584.3,6525.4,8860,-0.26%
24-Oct-18,6554.1,6550,6623,6543.2,8490,0.06%
25-Oct-18,6528.1,6554,6566,6500.1,8710,-0.40%
26-Oct-18,6531.5,6533.4,6588.3,6514.3,7450,0.05%
27-Oct-18,6500.2,6534.9,6553.9,6480.1,6970,-0.48%
28-Oct-18,6490.1,6498.4,6510.1,6456.3,6840,-0.16%
29-Oct-18,6344,6490.2,6505,6320.9,19560,-2.25%
30-Oct-18,6330.1,6347.1,6380,6313.2,10730,-0.22%
31-Oct-18,6368.4,6330.1,6406.4,6248.2,9960,0.60%
1-Nov-18,6399.7,6374.8,6423.2,6353.5,9120,0.49%
2-Nov-18,6426.9,6407.1,6454.8,6391.6,8070,0.43%
3-Nov-18,6387.9,6432.2,6432.2,6334.7,11370,-0.61%
4-Nov-18,6485.2,6389.2,6509.4,6360.1,8960,1.52%
5-Nov-18,6470.1,6495.2,6495.2,6439.4,4810,-0.23%
6-Nov-18,6515.2,6475,6515.3,6447.8,7250,0.70%
7-Nov-18,6572.7,6519,6607.1,6512.2,10720,0.88%
8-Nov-18,6479.6,6573,6585,6477,11580,-1.42%
9-Nov-18,6420.2,6479.5,6502.9,6392.6,10450,-0.92%
10-Nov-18,6431.1,6414.5,6461.7,6414.5,3250,0.17%
11-Nov-18,6450,6431,6459.9,6364,7340,0.29%
12-Nov-18,6446.9,6481,6481,6418.8,7300,-0.05%
13-Nov-18,6464.4,6447,6497.5,6403.5,10120,0.27%
14-Nov-18,5884.6,6458.9,6485,5705,69200,-8.97%
15-Nov-18,5753.4,5922.3,5929.2,5441.5,49910,-2.23%
16-Nov-18,5660.5,5731.9,5756.8,5555,18430,-1.61%
17-Nov-18,5626.7,5655.7,5659.2,5573.6,7980,-0.60%
18-Nov-18,5659.4,5637.2,5716,5621,9550,0.58%
19-Nov-18,4938.1,5650.3,5650.3,4890.9,74150,-12.75%
20-Nov-18,4600.1,4944.9,5048,4318.1,117220,-6.84%
21-Nov-18,4666.6,4572.8,4773.4,4429.9,44380,1.45%
22-Nov-18,4392.4,4672.1,4716.8,4388.5,27950,-5.88%
23-Nov-18,4422.7,4370.8,4482,4251,36090,0.69%
24-Nov-18,3929.8,4422.8,4515.2,3834.7,50980,-11.14%
25-Nov-18,4087.8,3934.9,4211.3,3663,82180,4.02%
26-Nov-18,3858,4111.3,4196.4,3708.1,64080,-5.62%
27-Nov-18,3884.4,3850.1,3941.6,3713.2,46270,0.68%
28-Nov-18,4306.3,3902.3,4439.6,3889.9,65260,10.86%
29-Nov-18,4312.9,4331.4,4472,4180.6,41100,0.15%
30-Nov-18,4038.3,4323.3,4357.4,3966.2,42380,-6.37%
1-Dec-18,4243,4043.6,4339,3978.8,27500,5.07%
2-Dec-18,4159.7,4241.4,4353.2,4127.2,24400,-1.96%
3-Dec-18,3901.2,4172.9,4178.5,3836.2,36860,-6.21%
4-Dec-18,3981.9,3903.8,4131.1,3793.1,33690,2.07%
5-Dec-18,3765.3,3982.2,4000.1,3751.1,28430,-5.44%
6-Dec-18,3531.3,3770.5,3908,3506,58220,-6.21%
7-Dec-18,3460,3528.6,3624.8,3278.4,74080,-2.02%
8-Dec-18,3506,3460,3784.8,3316.2,39080,1.33%
9-Dec-18,3639.6,3506,3766.6,3469.7,25080,3.81%
10-Dec-18,3524.9,3642.1,3697.9,3475.8,22600,-3.15%
11-Dec-18,3435.3,3523.5,3549.6,3384,24050,-2.54%
12-Dec-18,3535.6,3435.3,3611.2,3415.1,20930,2.92%
13-Dec-18,3354.4,3535.6,3539.1,3322.2,22240,-5.13%
14-Dec-18,3282.8,3354.4,3390.8,3226.4,28560,-2.13%
15-Dec-18,3285.1,3281.6,3323.8,3216.1,17890,0.07%
16-Dec-18,3299.9,3282.2,3380.3,3278,19100,0.45%
17-Dec-18,3625.1,3299.9,3711.5,3285.5,35720,9.85%
18-Dec-18,3780.1,3625,3780.9,3551,29430,4.28%
19-Dec-18,3810,3780.1,4041.1,3758,55260,0.79%
20-Dec-18,4214.5,3810,4275.7,3788.6,65870,10.62%
21-Dec-18,3976.1,4214.6,4283,3913.3,43520,-5.66%
22-Dec-18,4135,3975.9,4147.3,3919.5,19510,4.00%
23-Dec-18,4075.7,4135,4210,4036.8,24470,-1.43%
24-Dec-18,4145.2,4071.7,4384,4069,38000,1.71%
25-Dec-18,3909.7,4140.7,4152.1,3815.5,33730,-5.68%
26-Dec-18,3929.8,3909.7,3990,3812.1,19130,0.51%
27-Dec-18,3714.7,3930,3954.9,3688,23610,-5.47%
28-Dec-18,4036.7,3712,4094.9,3696.3,26920,8.67%
29-Dec-18,3887,4033.9,4099.7,3864.6,18700,-3.71%
30-Dec-18,3978.3,3893.8,4003,3845.2,17730,2.35%
31-Dec-18,3830.5,3976.7,3986.9,3779.5,15790,-3.72%
1-Jan-19,3963,3832.6,3981.9,3788.4,13850,3.46%
2-Jan-19,4048.5,3963.1,4082.2,3920.1,19430,2.16%
3-Jan-19,3923.2,4049.9,4055.1,3882,10920,-3.09%
4-Jan-19,3954.9,3923.2,3985.8,3853.3,13230,0.81%
5-Jan-19,3911,3954.8,4014.9,3901.4,14870,-1.11%
6-Jan-19,4171.5,3911,4214.5,3892.9,25170,6.66%
7-Jan-19,4113.9,4170.9,4196.9,4078.5,11320,-1.38%
8-Jan-19,4100,4113.9,4210,4056.2,18720,-0.34%
9-Jan-19,4083.2,4100,4165.5,4036,20630,-0.41%
10-Jan-19,3712.8,4083.3,4136.1,3687.2,35020,-9.07%
11-Jan-19,3716.1,3712.8,3777.4,3666.6,13130,0.09%
12-Jan-19,3702,3712.8,3734,3674.4,9290,-0.38%
13-Jan-19,3591,3702,3712.9,3570,12590,-3.00%
14-Jan-19,3749.3,3591,3798.7,3581.8,14840,4.41%
15-Jan-19,3656.5,3749.3,3769.5,3625.1,13320,-2.48%
16-Jan-19,3671.2,3657,3750,3642.9,13230,0.40%
17-Jan-19,3723,3671.3,3725,3610,10860,1.41%
18-Jan-19,3675.7,3722.5,3723.9,3652.4,5650,-1.27%
19-Jan-19,3760,3674.1,3858.5,3673.9,13390,2.29%
20-Jan-19,3586.1,3762.3,3796,3548.3,20620,-4.62%
21-Jan-19,3579.4,3588.6,3614.8,3550,10810,-0.19%
22-Jan-19,3639.1,3579.4,3676.3,3488.3,18080,1.67%
23-Jan-19,3619.9,3639,3677,3591.2,7970,-0.53%
24-Jan-19,3652.6,3621.7,3670,3589.9,7870,0.90%
25-Jan-19,3628.9,3653,3663.4,3582.1,7380,-0.65%
26-Jan-19,3630.7,3629,3745.8,3624.8,13000,0.05%
27-Jan-19,3597.1,3630.7,3642.5,3544,11450,-0.93%
28-Jan-19,3501.9,3597.1,3597.9,3450.3,17020,-2.65%
29-Jan-19,3477.9,3501.1,3512.5,3427.2,10470,-0.68%
30-Jan-19,3529.6,3478,3548,3451.5,12580,1.49%
31-Jan-19,3501.1,3529.7,3565.7,3482.2,8570,-0.81%
1-Feb-19,3536.2,3502.7,3557.2,3465,10040,1.00%
2-Feb-19,3564.3,3534.8,3575.4,3500.8,10890,0.79%
3-Feb-19,3501.7,3564.5,3566.8,3470.1,7860,-1.76%
4-Feb-19,3490.5,3504.2,3522.6,3475.3,5210,-0.32%
5-Feb-19,3512.6,3490.4,3517,3475.9,4590,0.63%
6-Feb-19,3452,3512.6,3521,3417.6,13160,-1.73%
7-Feb-19,3436.1,3451.9,3462.3,3429.3,4800,-0.46%
8-Feb-19,3724,3439,3799.6,3427.8,31150,8.38%
9-Feb-19,3718.4,3724.1,3739.1,3688.8,6740,-0.15%
10-Feb-19,3746.3,3718.3,3753.5,3667.1,9970,0.75%
11-Feb-19,3681.1,3749.7,3749.7,3672,7800,-1.74%
12-Feb-19,3694.2,3681,3728,3645.3,11340,0.36%
13-Feb-19,3666.1,3694.1,3735.4,3650.4,11760,-0.76%
14-Feb-19,3656.7,3665.5,3681.1,3641.1,7530,-0.26%
15-Feb-19,3670,3656.7,3716.3,3644.5,7810,0.36%
16-Feb-19,3676.4,3670.1,3724.9,3666,7520,0.18%
17-Feb-19,3734.5,3676.5,3788.8,3668.9,14070,1.58%
18-Feb-19,3978.1,3734.5,4019.9,3723.9,37620,6.52%
19-Feb-19,3989.9,3978.4,4081.4,3943.4,24300,0.30%
20-Feb-19,4055,3989.9,4070,3969.2,15250,1.63%
21-Feb-19,4008.8,4053.7,4122,3975.3,15480,-1.14%
22-Feb-19,4058.3,4008.8,4074,3991.3,14210,1.23%
23-Feb-19,4211.7,4058.2,4255,4014.5,21530,3.78%
24-Feb-19,3832,4212.2,4282.4,3812,36090,-9.02%
25-Feb-19,3921.8,3825,3965,3825,10410,2.34%
26-Feb-19,3896.8,3919.3,3934.1,3870.4,5110,-0.64%
27-Feb-19,3902.7,3896.8,3934,3767,12030,0.15%
28-Feb-19,3894,3900.1,3988,3875,12100,-0.22%
1-Mar-19,3914,3894,3948.7,3893,4760,0.51%
2-Mar-19,3913,3915,3924,3850,5110,-0.03%
3-Mar-19,3884.8,3913,3923.4,3856.7,2880,-0.72%
4-Mar-19,3800,3884.8,3908.1,3767.1,10180,-2.18%
5-Mar-19,3951.6,3800,3966.9,3786.2,10800,3.99%
6-Mar-19,3951.4,3951.6,3984.1,3912.4,6590,-0.01%
7-Mar-19,3964.7,3951.5,3989.6,3935.7,7640,0.34%
8-Mar-19,3940.5,3964.7,4020.9,3863.7,9360,-0.61%
9-Mar-19,4017.3,3940.5,4046.2,3933.9,7380,1.95%
10-Mar-19,4000,4017.3,4017.3,3961.8,4670,-0.43%
11-Mar-19,3949,4000,4009.2,3920.7,6610,-1.28%
12-Mar-19,3954.1,3950.7,3979.5,3895.2,7630,0.13%
13-Mar-19,3947.9,3954.9,3972.1,3925.1,5510,-0.16%
14-Mar-19,3948.3,3946.2,4000.1,3882.8,8300,0.01%
15-Mar-19,4003.1,3948.3,4011,3948.3,6720,1.39%
16-Mar-19,4088,4003.1,4152.7,4003.1,13940,2.12%
17-Mar-19,4068.9,4088,4088.3,4041.1,3380,-0.47%
18-Mar-19,4073.5,4069,4119.9,4035.6,3680,0.11%
19-Mar-19,4104.7,4073.7,4118,4056.6,5550,0.77%
20-Mar-19,4127.2,4104.6,4136.2,4073.9,7820,0.55%
21-Mar-19,4044.8,4127.2,4138.7,4005.2,11820,-2.00%
22-Mar-19,4045.3,4044.8,4064.6,4035.1,4840,0.01%
23-Mar-19,4063.2,4045.2,4076.3,4038.5,4370,0.44%
24-Mar-19,4041.4,4063,4063.2,4011.5,3360,-0.54%
25-Mar-19,3970,4041.4,4049.9,3939.1,6700,-1.77%
26-Mar-19,3991.7,3970,3994.8,3951,5090,0.55%
27-Mar-19,4102.5,3992.7,4109.6,3979.6,7930,2.78%
28-Mar-19,4092.6,4102.7,4104,4066.4,6220,-0.24%
29-Mar-19,4179,4092.6,4188,4084.7,8650,2.11%
30-Mar-19,4165.1,4179.1,4210,4117.2,6630,-0.33%
31-Mar-19,4167.6,4165.1,4181.4,4153.1,2270,0.06%
1-Apr-19,4196.8,4167.5,4220.8,4127.2,7010,0.70%
2-Apr-19,4927.1,4196.9,5079.4,4189.7,54140,17.40%
3-Apr-19,4978,4929.3,5330.1,4849.1,44280,1.03%
4-Apr-19,4938.9,4976.9,5099.9,4834,15420,-0.79%
5-Apr-19,5080.4,4939.3,5130,4930.1,11360,2.87%
6-Apr-19,5090.5,5080.4,5280,4968.1,14200,0.20%
7-Apr-19,5238.1,5091.1,5313.1,5075,9950,2.90%
8-Apr-19,5312.5,5238.9,5361.7,5148.5,17820,1.42%
9-Apr-19,5216.3,5312.4,5312.5,5173.5,11900,-1.81%
10-Apr-19,5311.7,5213,5487.4,5200.5,15780,1.83%
11-Apr-19,5065.8,5315.5,5340,5001.1,19390,-4.63%
12-Apr-19,5114,5059,5134.9,4935.2,9220,0.95%
13-Apr-19,5101.8,5114.1,5160.8,5075.3,5210,-0.24%
14-Apr-19,5194.3,5103.7,5209,5064.2,4150,1.81%
15-Apr-19,5049.2,5190.1,5217.1,5000.7,9520,-2.79%
16-Apr-19,5234.3,5042.8,5256.2,5030,8380,3.67%
17-Apr-19,5254.5,5234.3,5291.1,5224.7,9280,0.39%
18-Apr-19,5310.8,5254.5,5339.3,5254,9040,1.07%
19-Apr-19,5314,5310.8,5371.1,5225,6310,0.06%
20-Apr-19,5340,5314.1,5375.6,5289.2,6480,0.49%
21-Apr-19,5321.9,5340.1,5366.1,5259.4,6150,-0.34%
22-Apr-19,5417.8,5320.3,5447.5,5276.5,11950,1.80%
23-Apr-19,5550.9,5417.8,5645,5395.2,18760,2.46%
24-Apr-19,5480.3,5547.1,5647.4,5415,16530,-1.27%
25-Apr-19,5219,5479.6,5556.8,5065.2,21490,-4.77%
26-Apr-19,5410.8,5215.6,5517.1,5174.1,21530,3.68%
27-Apr-19,5401.8,5410.9,5456.9,5355.4,4570,-0.17%
28-Apr-19,5486.8,5400.6,5542.2,5400.6,7760,1.57%
29-Apr-19,5480.1,5486.8,5515.2,5370.3,7810,-0.12%
30-Apr-19,5599.5,5480,5612,5454.9,7440,2.18%
1-May-19,5629.6,5599.6,5655,5585.5,5530,0.54%
2-May-19,5723.8,5629.5,5779.8,5618,11060,1.67%
3-May-19,6016,5729.6,6139.9,5716.5,19480,5.11%
4-May-19,6098.3,6019.9,6149.1,5868.2,9440,1.37%
5-May-19,6042,6098.2,6112,5956.2,5820,-0.92%
6-May-19,6027.9,6042,6100.3,5906.8,6480,-0.23%
7-May-19,6087.9,6027.9,6290,6027.9,11990,1.00%
8-May-19,6201,6096.6,6220.4,6024.1,8200,1.86%
9-May-19,6258.4,6201.9,6309,6165,9680,0.93%
10-May-19,6438.7,6262,6522,6212.6,14490,2.88%
11-May-19,7136.4,6438.7,7278.3,6438.7,37910,10.84%
12-May-19,6979.9,7125.1,7448,6860,31960,-2.19%
13-May-19,7753.2,6980.1,8049.9,6883.9,36470,11.08%
14-May-19,7958.3,7753.2,8194.1,7684.1,29320,2.65%
15-May-19,8132.9,7951.9,8208.9,7837.6,19040,2.19%
16-May-19,7857,8135.5,8307.7,7750.1,22290,-3.39%
17-May-19,7415.4,7857.5,7905.7,7067.4,29020,-5.62%
18-May-19,7260,7418.3,7509.1,7210.6,9320,-2.10%
19-May-19,8189.5,7260.1,8263.2,7252,23460,12.80%
20-May-19,7985,8188.3,8188.3,7601,16900,-2.50%
21-May-19,7937,7990.5,8089.9,7819.7,7690,-0.60%
22-May-19,7621.1,7933.6,8030,7507.9,10780,-3.98%
23-May-19,7872.4,7619.9,7957.1,7496.3,10550,3.30%
24-May-19,7994.9,7872.1,8158.6,7801.6,10920,1.56%
25-May-19,8054.9,7990,8135,7950.4,4340,0.75%
26-May-19,8729.9,8054.9,8820,7880.2,20140,8.38%
27-May-19,8806,8730,8951,8661,17560,0.87%
28-May-19,8740.9,8806.1,8843.7,8558.3,11140,-0.74%
29-May-19,8680.9,8738.1,8794.9,8490,10300,-0.69%
30-May-19,8269.9,8681.2,9100,8019.7,20290,-4.73%
31-May-19,8533.3,8268.5,8550,8112.4,10930,3.18%
1-Jun-19,8547,8531.9,8625,8452,5460,0.16%
2-Jun-19,8740,8546.9,8818,8540,6240,2.26%
3-Jun-19,8103.4,8740.1,8740.1,8050.1,18660,-7.28%
4-Jun-19,7692.8,8088,8088,7524.5,28120,-5.07%
5-Jun-19,7789.3,7692.8,7931,7603,10830,1.25%
6-Jun-19,7805.6,7766.3,7870.6,7461,7510,0.21%
7-Jun-19,7991.5,7816.9,8123.5,7769.1,13440,2.38%
8-Jun-19,7924.6,8002.1,8064.8,7802,4770,-0.84%
9-Jun-19,7639.2,7924,7961,7502.5,6830,-3.60%
10-Jun-19,8013.7,7622.5,8046.3,7523.3,8900,4.90%
11-Jun-19,7904.1,8018.8,8048.9,7711.3,6530,-1.37%
12-Jun-19,8175.4,7903.1,8238.8,7822.3,9140,3.43%
13-Jun-19,8227.4,8177.6,8333,8038.9,8890,0.64%
14-Jun-19,8689.1,8230,8714.9,8163.3,12710,5.61%
15-Jun-19,8856,8689,8904.1,8611,9400,1.92%
16-Jun-19,8986,8852.8,9389.6,8803,20910,1.47%
17-Jun-19,9356,8986,9489.9,8986,14170,4.12%
18-Jun-19,9095.9,9351,9370.9,8945.4,10590,-2.78%
19-Jun-19,9305.9,9094.9,9339.9,9062,5770,2.31%
20-Jun-19,9557.1,9306,9620.8,9241,10590,2.70%
21-Jun-19,10236,9557.8,10249,9557.8,22230,7.10%
22-Jun-19,10747.9,10227,11210,10098.2,36680,5.00%
23-Jun-19,10916,10745,11368,10576,18590,1.56%
24-Jun-19,11053,10913,11135,10560,14400,1.26%
25-Jun-19,11751,11070,11780,10992.4,21850,6.32%
26-Jun-19,12876,11746,13764,11693,55590,9.57%
27-Jun-19,11200,12876,13222,10397,47610,-13.02%
28-Jun-19,12349,11183,12404,10812,31980,10.26%
29-Jun-19,11921,12350.7,12350.7,11375,20390,-3.47%
30-Jun-19,10745,11973,12229,10705,19070,-9.86%
1-Jul-19,10639,10777,11221,10099,24900,-0.99%
2-Jul-19,10866,10639.8,10961,9745.1,28780,2.13%
3-Jul-19,11984,10903,12004,10903,28090,10.29%
4-Jul-19,11169,12000,12063.5,11057,19840,-6.80%
5-Jul-19,10998,11141,11440,10802,16370,-1.53%
6-Jul-19,11283,10983,11720,10983,12210,2.59%
7-Jul-19,11486,11276,11618,11121.6,8420,1.80%
8-Jul-19,12301,11484,12382,11339,17840,7.10%
9-Jul-19,12553,12301.5,12811,12173,19160,2.05%
10-Jul-19,12093,12564,13173,11572,36060,-3.66%
11-Jul-19,11340,12092,12092,11006,21600,-6.23%
12-Jul-19,11765,11327,11900,11100,12250,3.75%
13-Jul-19,11312,11779,11803,10806,14720,-3.85%
14-Jul-19,10206.8,11324,11390,10125,22490,-9.77%
15-Jul-19,10820,10193,11043,9920.6,21440,6.01%
16-Jul-19,9410,10813,10991,9378,26180,-13.03%
17-Jul-19,9683.2,9418.4,9963.1,9090,23120,2.90%
18-Jul-19,10622,9691.2,10750,9271.6,28830,9.70%
19-Jul-19,10519,10624,10759,10132.7,13160,-0.97%
20-Jul-19,10740,10517.6,11085,10402,12130,2.10%
21-Jul-19,10569.4,10741,10811,10300,8250,-1.59%
22-Jul-19,10329,10572,10667,10094,10900,-2.27%
23-Jul-19,9854.9,10330,10330,9824.5,9770,-4.59%
24-Jul-19,9771,9859,9917.7,9541.9,11570,-0.85%
25-Jul-19,9890.1,9772,10180,9735,9220,1.22%
26-Jul-19,9842.5,9888,9899,9672,5120,-0.48%
27-Jul-19,9465.7,9840.3,10189,9300.3,11770,-3.83%
28-Jul-19,9519,9463.1,9604.2,9112.3,7750,0.56%
29-Jul-19,9507,9530,9690,9396.6,5700,-0.13%
30-Jul-19,9589,9503.5,9736,9401.6,5190,0.86%
31-Jul-19,10088,9588.9,10099,9575.5,7940,5.20%
1-Aug-19,10399,10096,10500,9899.9,7780,3.08%
2-Aug-19,10519,10400,10648.3,10345,8440,1.15%
3-Aug-19,10822,10520,10910,10506,7420,2.88%
4-Aug-19,10973,10822,11060,10595,9280,1.40%
5-Aug-19,11808,10974,11938,10973,16130,7.61%
6-Aug-19,11471.2,11824,12307,11268,19340,-2.85%
7-Aug-19,11997,11472,12122,11386,13660,4.58%
8-Aug-19,12060,11999,12126,11570,10970,0.53%
9-Aug-19,11893,12051,12092.7,11711,7810,-1.38%
10-Aug-19,11314,11892,12003,11263,9020,-4.87%
11-Aug-19,11586,11308,11594,11158,5440,2.40%
12-Aug-19,11404,11577,11578.8,11272,3200,-1.57%
13-Aug-19,10904,11411,11468,10801,9000,-4.38%
14-Aug-19,10067,10904,10909,9980,14510,-7.68%
15-Aug-19,10327,10067,10470,9522.5,17370,2.58%
16-Aug-19,10366,10324,10568,9783.4,12890,0.38%
17-Aug-19,10228,10372,10487,10004.1,4890,-1.33%
18-Aug-19,10327,10230,10529,10086,3900,0.97%
19-Aug-19,10937,10329,10960,10280,7380,5.91%
20-Aug-19,10793,10947,10986,10588,5830,-1.32%
21-Aug-19,10146,10795,10825,9880,11790,-5.99%
22-Aug-19,10117,10147,10247,9790,6530,-0.29%
23-Aug-19,10408,10117,10461,10063,6390,2.88%
24-Aug-19,10152,10414,10427,9900,5410,-2.46%
25-Aug-19,10132,10162,10349,9881.1,5210,-0.20%
26-Aug-19,10377,10144,10654,10144,8980,2.42%
27-Aug-19,10184,10376.2,10392,10036.9,4520,-1.86%
28-Aug-19,9727.4,10190,10303,9585.3,10410,-4.48%
29-Aug-19,9509,9727.3,9727.3,9360.4,7080,-2.25%
30-Aug-19,9601,9509.4,9710,9384.3,3750,0.97%
31-Aug-19,9623.9,9600.7,9710.2,9472.1,2750,0.24%
1-Sep-19,9779.1,9623.9,9858,9560.1,2870,1.61%
2-Sep-19,10388,9783,10473,9754.9,11140,6.23%
3-Sep-19,10641,10401,10766,10300,10740,2.44%
4-Sep-19,10590,10642,10841.2,10411,6250,-0.48%
5-Sep-19,10578.7,10593,10663,10483,3010,-0.11%
6-Sep-19,10317,10582.9,10933,10218,11280,-2.47%
7-Sep-19,10488,10305,10581,10305,3380,1.66%
8-Sep-19,10415,10489,10599,10257,3510,-0.70%
9-Sep-19,10318,10417,10542,10118.6,5200,-0.93%
10-Sep-19,10122,10317,10399,9961.7,4210,-1.90%
11-Sep-19,10175,10121,10297,9866.5,4350,0.52%
12-Sep-19,10452,10174.2,10488,10065.1,4400,2.72%
13-Sep-19,10374,10452,10475,10170,4500,-0.75%
14-Sep-19,10379,10374,10478,10256,3160,0.05%
15-Sep-19,10322,10381,10402,10287,1880,-0.55%
16-Sep-19,10295,10321,10399,10100,5520,-0.26%
17-Sep-19,10214.1,10290,10308,10171,2940,-0.79%
18-Sep-19,10185,10214.1,10278,10111,3340,-0.28%
19-Sep-19,10301,10185,10417,9655,9770,1.14%
20-Sep-19,10198,10303,10340,10105,2510,-1.00%
21-Sep-19,10013,10197,10199,9958.1,2980,-1.81%
22-Sep-19,10052,10012,10105,9881.4,2750,0.39%
23-Sep-19,9702.6,10055,10077,9627.5,5490,-3.48%
24-Sep-19,8547.9,9702.6,9788.1,8110.1,34870,-11.90%
25-Sep-19,8474.7,8535,8770,8266.1,12770,-0.86%
26-Sep-19,8103.6,8475.3,8489.9,7800.1,15420,-4.38%
27-Sep-19,8213.4,8105.9,8296.5,7906.3,7470,1.35%
28-Sep-19,8238.6,8215.3,8354.7,8047.9,5450,0.31%
29-Sep-19,8090,8238.2,8260.2,7930.7,6140,-1.80%
30-Sep-19,8331.1,8090.1,8384,7753,10920,2.98%
1-Oct-19,8334.9,8331.1,8539,8228,5840,0.05%
2-Oct-19,8413.4,8333.7,8419.9,8193.5,3450,0.94%
3-Oct-19,8257.9,8414.9,8440,8100.7,3720,-1.85%
4-Oct-19,8170,8260.5,8264.9,8040,3050,-1.06%
5-Oct-19,8162.5,8170.1,8210.7,8040,3330,-0.09%
6-Oct-19,7883.1,8162.5,8183.1,7807.1,5850,-3.42%
7-Oct-19,8227,7886.2,8342,7794.9,8150,4.36%
8-Oct-19,8211.2,8234.6,8362,8132.8,3470,-0.19%
9-Oct-19,8607.5,8205,8717.9,8146.6,8390,4.83%
10-Oct-19,8596,8610.4,8682.8,8472,4320,-0.13%
11-Oct-19,8280,8596,8815.2,8253,6080,-3.68%
12-Oct-19,8318.3,8278.2,8421,8272.5,1710,0.46%
13-Oct-19,8305.7,8319.6,8477.4,8179.3,4040,-0.15%
14-Oct-19,8370,8304.9,8423.5,8230.1,2540,0.77%
15-Oct-19,8191.1,8370,8433.7,8123.6,3280,-2.14%
16-Oct-19,8016,8191,8203.2,7960,7080,-2.14%
17-Oct-19,8092.3,8016.1,8144.9,7949.3,2810,0.95%
18-Oct-19,7987.2,8092.4,8135.1,7860,5300,-1.30%
19-Oct-19,7992.9,7987.3,8117,7927,3510,0.07%
20-Oct-19,8260.6,7993,8335.6,7922,4870,3.35%
21-Oct-19,8243.9,8260.7,8371.3,8181.8,3410,-0.20%
22-Oct-19,8058.9,8242.2,8332.2,8037.1,3850,-2.24%
23-Oct-19,7493.7,8053.7,8074.5,7341.5,12980,-7.01%
24-Oct-19,7453,7493.6,7529,7372,5800,-0.54%
25-Oct-19,8679.1,7453,8800,7426,17100,16.45%
26-Oct-19,9270.9,8679.3,10464.1,8662.9,32060,6.82%
27-Oct-19,9571.8,9270.9,9815.6,9121.6,11110,3.25%
28-Oct-19,9225.7,9574.1,9948,9216.8,8990,-3.62%
29-Oct-19,9445.5,9229.2,9558.3,9101.3,6730,2.38%
30-Oct-19,9184.3,9445.5,9446.9,9035,5050,-2.77%
31-Oct-19,9185.6,9184.4,9460.7,8984.8,5670,0.01%
1-Nov-19,9289.1,9185.6,9332.1,9087.4,4090,1.13%
2-Nov-19,9332.1,9288.4,9429.4,9251.8,3660,0.46%
3-Nov-19,9222.4,9332.2,9400.6,9100,3620,-1.18%
4-Nov-19,9441.2,9223,9621.8,9152,7470,2.37%
5-Nov-19,9333.9,9440,9504.1,9200,3410,-1.14%
6-Nov-19,9353,9334,9475,9278,3470,0.20%
7-Nov-19,9208,9355,9387.1,9086.5,3750,-1.55%
8-Nov-19,8782.4,9209.2,9252.4,8688.1,7860,-4.62%
9-Nov-19,8828,8782.3,8891.4,8735.9,1960,0.52%
10-Nov-19,9068.4,8827.1,9156.9,8764,4640,2.72%
11-Nov-19,8737.7,9069.7,9107.3,8633.4,4240,-3.65%
12-Nov-19,8830,8737.7,8891.5,8602.1,3500,1.06%
13-Nov-19,8801.1,8830,8849.3,8730.3,1340,-0.33%
14-Nov-19,8655.7,8800.9,8817.4,8601.4,3300,-1.65%
15-Nov-19,8495.8,8655.5,8798.1,8420.2,5180,-1.85%
16-Nov-19,8523.5,8494.8,8553.1,8442.7,1530,0.33%
17-Nov-19,8537.3,8523.4,8662.9,8422,2840,0.16%
18-Nov-19,8219.5,8536.7,8536.8,8119,6360,-3.72%
19-Nov-19,8164.9,8219.5,8241.9,8055.2,3700,-0.66%
20-Nov-19,8126.4,8164.9,8255,8081,2060,-0.47%
21-Nov-19,7671.1,8126.4,8155.9,7510.1,9890,-5.60%
22-Nov-19,7323,7672.5,7763.3,6820.1,19370,-4.54%
23-Nov-19,7352.6,7318.6,7385,7141,4630,0.40%
24-Nov-19,6965.3,7352.7,7372,6922,8580,-5.27%
25-Nov-19,7168,6965.2,7413.6,6619.4,18520,2.91%
26-Nov-19,7198.3,7162.8,7384.7,7061.2,5200,0.42%
27-Nov-19,7549.3,7198.3,7689,6880,13900,4.88%
28-Nov-19,7460.8,7547.3,7683,7415,4340,-1.17%
29-Nov-19,7796.6,7460.7,7916.3,7450,7280,4.50%
30-Nov-19,7599.9,7796.5,7849.6,7495,4970,-2.52%
1-Dec-19,7450.1,7599.9,7600.1,7288.7,6330,-1.97%
2-Dec-19,7350.3,7450.1,7467.3,7209.4,4630,-1.34%
3-Dec-19,7336,7350.2,7453.5,7288,2300,-0.19%
4-Dec-19,7238.2,7336.9,7887.7,7134.1,11720,-1.33%
5-Dec-19,7440,7239.3,7522.8,7193.7,4790,2.79%
6-Dec-19,7588.3,7439.9,7648.6,7350.1,5710,1.99%
7-Dec-19,7543.2,7584.7,7665.1,7520.1,1720,-0.59%
8-Dec-19,7564.6,7543.2,7620,7433.6,4300,0.28%
9-Dec-19,7379.5,7563.8,7701.1,7309.1,6560,-2.45%
10-Dec-19,7254.6,7373.8,7433,7207.5,3640,-1.69%
11-Dec-19,7230.7,7254.7,7296.2,7170.1,3120,-0.33%
12-Dec-19,7224,7231.2,7325.6,7133.8,5640,-0.09%
13-Dec-19,7283.2,7224.1,7331.9,7218.7,2900,0.82%
14-Dec-19,7100.8,7283.1,7290.5,7038.5,3410,-2.50%
15-Dec-19,7152.7,7100.8,7218.6,7046.6,3530,0.73%
16-Dec-19,6926.8,7152.7,7189.9,6900,13420,-3.16%
17-Dec-19,6667.1,6926.6,6972,6624.3,12660,-3.75%
18-Dec-19,7323.4,6667.1,7480.2,6479.4,13750,9.84%
19-Dec-19,7181.8,7326.9,7412.5,7089.1,5430,-1.93%
20-Dec-19,7212.9,7181.8,7249,7116.8,5700,0.43%
21-Dec-19,7166.4,7213,7215.1,7145.2,2280,-0.65%
22-Dec-19,7532,7166.3,7541.3,7159.6,3620,5.10%
23-Dec-19,7347.4,7538.9,7715,7283.1,7080,-2.45%
24-Dec-19,7276.9,7346.2,7445,7182.9,4250,-0.96%
25-Dec-19,7220.1,7270,7287.4,7144.8,3360,-0.78%
26-Dec-19,7232.4,7220.1,7464.3,7189,4720,0.17%
27-Dec-19,7287,7235.3,7300,7114.1,4000,0.75%
28-Dec-19,7334.4,7293.6,7389.9,7280.5,2730,0.65%
29-Dec-19,7417.9,7333.2,7551.6,7311.8,2490,1.14%
30-Dec-19,7260.9,7413,7421.6,7217.7,4090,-2.12%
31-Dec-19,7208.3,7261,7333,7161.3,2990,-0.72%
1-Jan-20,7212.7,7208.2,7268.8,7185.4,2070,0.06%
2-Jan-20,6989.4,7212.7,7225.2,6963,4850,-3.10%
3-Jan-20,7367.5,6989.4,7437.6,6909.3,6680,5.41%
4-Jan-20,7369.8,7371.8,7422,7297.7,4270,0.03%
5-Jan-20,7364.6,7370.3,7509.9,7315.8,4450,-0.07%
6-Jan-20,7757.9,7364.7,7784.9,7358,8540,5.34%
7-Jan-20,8150,7759.5,8200.1,7741.9,12350,5.05%
8-Jan-20,8036.8,8158.2,8442,7882.8,11760,-1.39%
9-Jan-20,7817.5,8036.8,8036.8,7756.2,4670,-2.73%
10-Jan-20,8176.3,7817.4,8177.8,7678.5,7860,4.59%
11-Jan-20,8013.8,8184.3,8271.9,7994.6,4250,-1.99%
12-Jan-20,8174.7,8013.6,8174.7,7951.7,3210,2.01%
13-Jan-20,8094.5,8174.9,8198.3,8053.6,2590,-0.98%
14-Jan-20,8775.6,8104.1,8829,8099.3,16570,8.41%
15-Jan-20,8807.7,8760.8,8873,8560.2,8780,0.37%
16-Jan-20,8720.6,8810.9,8839.9,8579.8,5310,-0.99%
17-Jan-20,8875.4,8719.5,8994.9,8674.2,9690,1.78%
18-Jan-20,8891.5,8873.1,8965,8794.2,3460,0.18%
19-Jan-20,8694,8891.6,9169.5,8455.7,12410,-2.22%
20-Jan-20,8638.2,8698.6,8741.1,8519.6,4110,-0.64%
21-Jan-20,8734.1,8638.2,8782.8,8512.2,3250,1.11%
22-Jan-20,8663.9,8734.2,8799.9,8580.6,2350,-0.80%
23-Jan-20,8403.5,8668.9,8669.3,8296.9,5700,-3.01%
24-Jan-20,8447.1,8403.6,8521.8,8247.7,3510,0.52%
25-Jan-20,8353.7,8447.1,8447.2,8280,2100,-1.11%
26-Jan-20,8621.6,8351.1,8622,8303.6,3520,3.21%
27-Jan-20,8912,8622,9001.8,8585.2,6280,3.37%
28-Jan-20,9393.7,8912.1,9413,8912.1,9120,5.41%
29-Jan-20,9304.2,9390.9,9442,9244.4,4600,-0.95%
30-Jan-20,9512.7,9305.1,9550,9175.7,9020,2.24%
31-Jan-20,9367.4,9512.7,9519.9,9221.9,4870,-1.53%
1-Feb-20,9410.6,9371.3,9476.4,9318.1,2530,0.46%
2-Feb-20,9353.1,9408,9501,9175.4,6440,-0.61%
3-Feb-20,9309.3,9353.1,9625.3,9247.1,6720,-0.47%
4-Feb-20,9197.4,9309.2,9359.8,9112.5,4070,-1.20%
5-Feb-20,9612,9197.5,9731.2,9180.2,10770,4.51%
6-Feb-20,9744.9,9612,9860,9547,8580,1.38%
7-Feb-20,9805.2,9745,9859.6,9695.5,3700,0.62%
8-Feb-20,9877.2,9805.2,9920.7,9657.8,5530,0.73%
9-Feb-20,10151,9877.3,10161,9871.1,9640,2.77%
10-Feb-20,9850.2,10151.5,10187,9737.8,8520,-2.96%
11-Feb-20,10247,9851.2,10316,9720,8450,4.03%
12-Feb-20,10339,10249,10458,10238,8710,0.90%
13-Feb-20,10222,10338,10489,10080,8980,-1.13%
14-Feb-20,10335,10222,10371,10101,4130,1.11%
15-Feb-20,9901,10335,10370,9800.3,6400,-4.20%
16-Feb-20,9929.7,9901,10037,9651.4,6930,0.29%
17-Feb-20,9708,9929.7,9963.8,9501.5,9300,-2.23%
18-Feb-20,10183,9708,10275,9625.9,8250,4.89%
19-Feb-20,9592.2,10184,10309,9350.3,13940,-5.80%
20-Feb-20,9608.1,9586.2,9694.7,9362.4,6500,0.17%
21-Feb-20,9693.5,9609.2,9757.4,9567.9,11100,0.89%
22-Feb-20,9662.4,9693,9714,9565.2,1840,-0.32%
23-Feb-20,9985,9663,10001,9660.2,7300,3.34%
24-Feb-20,9674.1,9983.8,10022,9484.3,6590,-3.11%
25-Feb-20,9327.5,9674,9686.6,9251.4,8490,-3.58%
26-Feb-20,8813.2,9324.8,9385.9,8652.7,14590,-5.51%
27-Feb-20,8825.8,8813.2,8975,8555,8390,0.14%
28-Feb-20,8728,8826.1,8908.3,8455.2,7090,-1.11%
29-Feb-20,8557.3,8730.6,8820.9,8557.3,2500,-1.96%
1-Mar-20,8565.2,8561.5,8775,8460,5390,0.09%
2-Mar-20,8938.1,8556.8,8990.8,8524.6,5320,4.35%
3-Mar-20,8791.1,8938.5,8940,8700,5320,-1.64%
4-Mar-20,8788.6,8791.1,8877.7,8718.4,4170,-0.03%
5-Mar-20,9090.8,8795.3,9185,8795.3,5720,3.44%
6-Mar-20,9180.6,9085.6,9199.7,9016.1,3140,0.99%
7-Mar-20,8919,9180.6,9231.1,8884.8,4490,-2.85%
8-Mar-20,8074,8917.2,8917.2,8049.5,25590,-9.47%
9-Mar-20,7967.3,8073.8,8214.9,7700,22560,-1.32%
10-Mar-20,7913.8,7965.5,8180,7779,10170,-0.67%
11-Mar-20,7969.6,7917.9,8020.6,7635.1,10980,0.71%
12-Mar-20,4927,7975.3,8001.7,4612.1,116680,-38.18%
13-Mar-20,5625.4,4873.1,5965.3,4001,102820,14.17%
14-Mar-20,5218.2,5621.8,5673.2,5099,18640,-7.24%
15-Mar-20,5383.2,5217.1,5984.2,5133,22620,3.16%
16-Mar-20,5058.5,5381.9,5381.9,4468,41780,-6.03%
17-Mar-20,5345.2,5068.3,5564.2,4964.4,19600,5.67%
18-Mar-20,5416.2,5339,5452.7,5033.9,21130,1.33%
19-Mar-20,6173.4,5417.1,6412.6,5266.4,31250,13.98%
20-Mar-20,6205.8,6173.5,6897,5687.6,31080,0.52%
21-Mar-20,6201.8,6211.1,6461,5884.7,12940,-0.06%
22-Mar-20,5827,6202.7,6410.6,5757.3,16280,-6.04%
23-Mar-20,6491.2,5820.1,6652.4,5682.7,19550,11.40%
24-Mar-20,6762,6491.2,6838.5,6406.1,16620,4.17%
25-Mar-20,6688.2,6762,6968,6449.9,13790,-1.09%
26-Mar-20,6750.7,6688.2,6790.1,6536.9,6730,0.93%
27-Mar-20,6370,6755,6856,6277.8,11080,-5.64%
28-Mar-20,6249.3,6366,6366,6061.4,12960,-1.89%
29-Mar-20,5892.6,6252.3,6279.6,5892.6,11220,-5.71%
30-Mar-20,6407.6,5893.7,6627.1,5880.9,12380,8.74%
31-Mar-20,6427.7,6409.1,6536,6350,5750,0.31%
1-Apr-20,6675,6429,6714.6,6180,11230,3.85%
2-Apr-20,6818.3,6685.7,7263.3,6591.3,20080,2.15%
3-Apr-20,6740.8,6810.7,7048.1,6624.6,9970,-1.14%
4-Apr-20,6881.6,6738.5,7010.8,6660,7120,2.09%
5-Apr-20,6778,6880.6,6914.7,6693.4,5650,-1.51%
6-Apr-20,7346,6780.2,7350.1,6779.9,14590,8.38%
7-Apr-20,7203,7340.2,7452,7088,11990,-1.95%
8-Apr-20,7367,7203,7420,7155.8,8180,2.28%
9-Apr-20,7293.5,7367.1,7370.7,7117,7750,-1.00%
10-Apr-20,6875.5,7293.7,7305.8,6756.4,15840,-5.73%
11-Apr-20,6884.5,6874.3,6954.4,6780,4070,0.13%
12-Apr-20,6913,6884.5,7192.2,6797.6,8890,0.41%
13-Apr-20,6848.7,6916.5,6916.5,6576.5,12680,-0.93%
14-Apr-20,6872.4,6847.9,6984.9,6762.9,4300,0.35%
15-Apr-20,6633.8,6874,6938.4,6621.3,6010,-3.47%
16-Apr-20,7114.9,6629.1,7200,6500.4,17750,7.25%
17-Apr-20,7045.8,7114.7,7158.9,7013.4,4680,-0.97%
18-Apr-20,7269.1,7045.9,7300.1,7044.9,5200,3.17%
19-Apr-20,7133.3,7268.8,7285.4,7058.7,4740,-1.87%
20-Apr-20,6841.9,7133.4,7235,6767.1,9960,-4.09%
21-Apr-20,6850,6835,6955.6,6770.7,6460,0.12%
22-Apr-20,7133,6849.9,7164,6826.2,5150,4.13%
23-Apr-20,7495.2,7133.3,7744.9,7047.4,16380,5.08%
24-Apr-20,7506.8,7499,7614,7428.3,8800,0.15%
25-Apr-20,7538.5,7508.4,7700,7450.1,5170,0.42%
26-Apr-20,7697.1,7538.5,7697.1,7487,5320,2.10%
27-Apr-20,7777.7,7698,7777.7,7623.4,6900,1.05%
28-Apr-20,7755.8,7777.6,7777.7,7658.6,5620,-0.28%
29-Apr-20,8773.3,7750.7,8918,7706.1,30210,13.12%
30-Apr-20,8635.3,8773.8,9438.8,8416,29830,-1.57%
1-May-20,8822.9,8630.8,9069.9,8630.8,7920,2.17%
2-May-20,8982.3,8822.9,8999,8763,5090,1.81%
3-May-20,8899.8,8982.3,9198,8738.5,9720,-0.92%
4-May-20,8865.8,8901.6,8959,8535,9320,-0.38%
5-May-20,9020.1,8871.2,9119.8,8770.9,7710,1.74%
6-May-20,9157.9,9020,9415.1,8918.3,8730,1.53%
7-May-20,9979.6,9150.4,10045,9050,19870,8.97%
8-May-20,9792.8,9991,10025,9713.8,12200,-1.87%
9-May-20,9537.9,9792.2,9900,9499,8260,-2.60%
10-May-20,8726,9537.7,9557.5,8107.4,26500,-8.51%
11-May-20,8555,8726,9135.8,8211.1,20560,-1.96%
12-May-20,8811.4,8555,8967,8526.6,5650,3.00%
13-May-20,9312,8811.4,9403.2,8799.5,9890,5.68%
14-May-20,9791,9312,9937.8,9267.5,12870,5.14%
15-May-20,9313.3,9791,9836.5,9133.6,11340,-4.88%
16-May-20,9388,9313.3,9580,9224,4160,0.80%
17-May-20,9668.2,9388,9877.7,9334.2,9660,2.98%
18-May-20,9714.8,9668.2,9941.1,9462.4,9200,0.48%
19-May-20,9770.1,9714.8,9877.5,9470.2,5590,0.57%
20-May-20,9502,9770.1,9840.6,9305.1,9600,-2.74%
21-May-20,9059.5,9502,9564,8821.4,11340,-4.66%
22-May-20,9162.4,9059.5,9257.3,8935.5,3830,1.14%
23-May-20,9174.6,9162.4,9304,9088.6,2450,0.13%
24-May-20,8711.5,9174.6,9300,8700,6730,-5.05%
25-May-20,8902,8711.5,8960.8,8628.6,5610,2.19%
26-May-20,8845.5,8902,9013.3,8705,3940,-0.63%
27-May-20,9210.3,8845.5,9225,8822.8,5460,4.12%
28-May-20,9589.3,9210.3,9629.6,9121.7,7630,4.11%
29-May-20,9426.2,9589.3,9618.5,9352.3,3880,-1.70%
30-May-20,9706.4,9426.2,9742,9338,6160,2.97%
31-May-20,9452.1,9706.4,9707.2,9402.6,3690,-2.62%
1-Jun-20,10221,9452.1,10390,9421.8,13430,8.13%
2-Jun-20,9530,10221,10242,9197.4,21470,-6.76%
3-Jun-20,9672,9530,9684,9400,2660,1.49%
4-Jun-20,9790.7,9672,9882.1,9477,4280,1.23%
5-Jun-20,9620.5,9790.7,9861.8,9620.5,3620,-1.74%
6-Jun-20,9668.4,9620.4,9733,9552.6,1950,0.50%
7-Jun-20,9746.3,9668.4,9814,9402.3,4710,0.81%
8-Jun-20,9783.2,9747.1,9800,9650.4,2360,0.38%
9-Jun-20,9770.8,9784.4,9875.9,9582.1,3400,-0.13%
10-Jun-20,9898.8,9771.9,10004,9699.3,4460,1.31%
11-Jun-20,9272.2,9898.8,9972.8,9088.6,15780,-6.33%
12-Jun-20,9468.3,9272.2,9544,9246,5050,2.11%
13-Jun-20,9480.8,9468.3,9498.2,9363.6,1850,0.13%
14-Jun-20,9345.4,9480.9,9486,9262,2690,-1.43%
15-Jun-20,9433.9,9344.8,9510,8914.9,10160,0.95%
16-Jun-20,9534.4,9435,9589.9,9388.1,3440,1.07%
17-Jun-20,9473.3,9534.4,9566,9261.3,3140,-0.64%
18-Jun-20,9400,9473.3,9496.4,9287.2,1660,-0.77%
19-Jun-20,9315.5,9400,9439.9,9241.8,2620,-0.90%
20-Jun-20,9371.3,9315.5,9401,9178.6,1870,0.60%
21-Jun-20,9298.1,9371.3,9431.1,9292.1,1340,-0.78%
22-Jun-20,9697.7,9298.1,9794.2,9285.2,5880,4.30%
23-Jun-20,9635.1,9697.7,9724,9594.7,3420,-0.65%
24-Jun-20,9312.1,9635.1,9684.1,9222.3,5520,-3.35%
25-Jun-20,9257,9312.1,9344,9012.7,5550,-0.59%
26-Jun-20,9173.1,9257,9299,9054.1,3690,-0.91%
27-Jun-20,9015.3,9173.1,9199.5,8857.3,3370,-1.72%
28-Jun-20,9127.8,9015.3,9193.2,8949.4,2110,1.25%
29-Jun-20,9194.4,9127.8,9242.1,9030.2,3640,0.73%
30-Jun-20,9150.6,9194.4,9206.5,9077.1,1830,-0.48%
1-Jul-20,9239.9,9150.6,9298,9109.5,2190,0.98%
2-Jul-20,9100,9239.9,9266.1,8950.2,3790,-1.51%
3-Jul-20,9073.9,9100,9135.5,9058.1,1090,-0.29%
4-Jul-20,9147.7,9073.9,9203.5,9060,1130,0.81%
5-Jul-20,9089.7,9147.7,9152.3,9004.9,2080,-0.63%
6-Jul-20,9361,9089.7,9361,9080.1,4260,2.99%
7-Jul-20,9267.5,9361,9361,9255.1,1630,-1.00%
8-Jul-20,9447,9267.5,9480.7,9267.5,3810,1.94%
9-Jul-20,9248.9,9447,9447,9215,3710,-2.10%
10-Jul-20,9305.7,9248.9,9305.7,9161.9,1420,0.61%
11-Jul-20,9246.3,9305.7,9305.7,9221.8,810,-0.64%
12-Jul-20,9315.8,9246.3,9315.8,9195.6,1860,0.75%
13-Jul-20,9252,9315.8,9344.8,9238.1,1930,-0.68%
14-Jul-20,9263.4,9252,9270.7,9194.8,2200,0.12%
15-Jul-20,9210.1,9263.4,9263.4,9195.7,900,-0.58%
16-Jul-20,9149.9,9210.1,9215.7,9092.1,2870,-0.65%
17-Jul-20,9167.3,9149.9,9172,9128.8,1060,0.19%
18-Jul-20,9189.1,9167.3,9200.1,9142.9,1170,0.24%
19-Jul-20,9231.2,9189.1,9231.2,9130.5,1440,0.46%
20-Jul-20,9179.2,9231.2,9231.2,9169.7,1400,-0.56%
21-Jul-20,9402,9179.2,9434,9179.2,5400,2.43%
22-Jul-20,9557.7,9402,9557.7,9349.3,4140,1.66%
23-Jul-20,9615,9557.7,9642.9,9494.6,4700,0.60%
24-Jul-20,9559.4,9615,9615,9505.3,2260,-0.58%
25-Jul-20,9714.9,9559.1,9730.5,9559.1,2560,1.63%
26-Jul-20,9948.1,9714.9,10008,9685.8,8940,2.40%
27-Jul-20,11044,9946.3,11249.1,9946.3,21580,11.02%
28-Jul-20,10932,11044,11211.8,10761,9880,-1.01%
29-Jul-20,11117,10932,11240,10929.2,8820,1.69%
30-Jul-20,11123,11117,11180,10965,4250,0.05%
31-Jul-20,11350,11123,11378,11038,5830,2.04%
1-Aug-20,11804.7,11350,11804.7,11307,10570,4.01%
2-Aug-20,11053.8,11804.7,11917,11032,13220,-6.36%
3-Aug-20,11226.5,11053.8,11389,11053.8,4090,1.56%
4-Aug-20,11184,11226.5,11346.8,11096,3260,-0.38%
5-Aug-20,11735.8,11184,11735.8,11182,5790,4.93%
6-Aug-20,11759,11735.8,11858,11649.7,3900,0.20%
7-Aug-20,11580,11759,11845,11509,5090,-1.52%
8-Aug-20,11764,11580,11772,11564,1870,1.59%
9-Aug-20,11675.7,11764,11782,11572,1570,-0.75%
10-Aug-20,11892,11675.7,12024,11675.7,6570,1.85%
11-Aug-20,11379.8,11892,11912,11278,7110,-4.31%
12-Aug-20,11591,11379.8,11591,11257,5820,1.86%
13-Aug-20,11792.5,11589,11792.5,11388,5780,1.74%
14-Aug-20,11761,11792.5,11824,11699,4650,-0.27%
15-Aug-20,11873.4,11761,11977.4,11761,4040,0.96%
16-Aug-20,11925,11873.4,11925,11781,2710,0.43%
17-Aug-20,12300,11925,12415,11826.1,10120,3.14%
18-Aug-20,11961.8,12300,12359,11927.2,7180,-2.75%
19-Aug-20,11778,11961.8,12004,11694.6,6290,-1.54%
20-Aug-20,11884,11778,11900,11719,2730,0.90%
21-Aug-20,11531,11884,11889,11531,6100,-2.97%
22-Aug-20,11685,11531,11690.7,11449,3460,1.34%
23-Aug-20,11663,11685,11692.6,11551,1930,-0.19%
24-Aug-20,11768,11663,11817.9,11616.8,1990,0.90%
25-Aug-20,11341,11768,11768,11200,6160,-3.63%
26-Aug-20,11471,11341,11482,11316,2480,1.15%
27-Aug-20,11343,11471.1,11471.1,11254,4810,-1.12%
28-Aug-20,11545,11343,11545,11343,2020,1.78%
29-Aug-20,11492,11545,11587,11476.3,1520,-0.46%
30-Aug-20,11729.9,11492,11729.9,11492,2100,2.07%
31-Aug-20,11671,11729.9,11734,11639.1,2240,-0.50%
1-Sep-20,11942,11671,12037,11616,5020,2.32%
2-Sep-20,11408,11942,11942,11334,6190,-4.47%
3-Sep-20,10170,11408,11408,10011,15880,-10.85%
4-Sep-20,10484.7,10170,10593,10170,13590,3.09%
5-Sep-20,10197,10484.7,10517.7,10046.2,8510,-2.74%
6-Sep-20,10276,10196.9,10325,10122,2760,0.77%
7-Sep-20,10397,10276,10397,9964.1,6300,1.18%
8-Sep-20,10149.8,10397,10397,10007,6760,-2.38%
9-Sep-20,10240,10149.8,10324,10030,2410,0.89%
10-Sep-20,10355,10240,10407,10240,3550,1.12%
11-Sep-20,10405,10355,10405,10220,2470,0.48%
12-Sep-20,10458,10405,10463.5,10352,1430,0.51%
13-Sep-20,10331,10458,10560,10244,4040,-1.21%
14-Sep-20,10686,10331,10754,10331,3680,3.44%
15-Sep-20,10797,10690,10899.9,10690,4990,1.04%
16-Sep-20,10971.3,10797,11091,10690.9,4800,1.61%
17-Sep-20,10959,10971.3,11040.4,10812.7,2510,-0.11%
18-Sep-20,10957.2,10959,11022,10868,2260,-0.02%
19-Sep-20,11099,10957.2,11127,10957.2,2470,1.29%
20-Sep-20,10934.5,11099,11099,10848.2,1820,-1.48%
21-Sep-20,10434,10934.5,10980.9,10434,6010,-4.58%
22-Sep-20,10549,10435,10589,10435,2410,1.10%
23-Sep-20,10263,10549,10549,10255,3090,-2.71%
24-Sep-20,10754,10263,10760,10263,3200,4.78%
25-Sep-20,10708,10754,10765,10629,2350,-0.43%
26-Sep-20,10750,10708,10776.9,10700.7,940,0.39%
27-Sep-20,10803,10750,10807.1,10664,1750,0.49%
28-Sep-20,10712,10803,10941,10712,3790,-0.84%
29-Sep-20,10856,10712,10856,10697,1790,1.34%
30-Sep-20,10794,10856,10856,10715,1500,-0.57%
1-Oct-20,10634,10795,10909,10523,5680,-1.48%
2-Oct-20,10586,10634,10634,10476,3740,-0.45%
3-Oct-20,10558.6,10586,10608,10535,830,-0.26%
4-Oct-20,10687,10558.6,10694.1,10557.6,1630,1.22%
5-Oct-20,10807,10687,10807,10669,1780,1.12%
6-Oct-20,10613.7,10807,10807,10592,3220,-1.79%
7-Oct-20,10687,10613.7,10687,10584.1,1670,0.69%
8-Oct-20,10943,10687,10943,10577,3640,2.40%
9-Oct-20,11071,10943,11102.4,10878,2570,1.17%
10-Oct-20,11308,11071,11450,11071,4170,2.14%
11-Oct-20,11385,11308,11430,11308,1480,0.68%
12-Oct-20,11560,11385,11698.9,11284,6370,1.54%
13-Oct-20,11442,11560,11560,11392.5,3910,-1.02%
14-Oct-20,11440,11442,11547,11347,2690,-0.02%
15-Oct-20,11509,11440,11513,11335,4260,0.60%
16-Oct-20,11325,11509,11540,11268.2,3460,-1.60%
17-Oct-20,11375,11325,11375,11325,1040,0.44%
18-Oct-20,11518,11375,11518,11366,1320,1.26%
19-Oct-20,11757,11518,11764,11451,3770,2.08%
20-Oct-20,11925,11757,11980,11723,5420,1.43%
21-Oct-20,12825,11925,13099,11925,15400,7.55%
22-Oct-20,12988,12810.9,13128,12738.3,6090,1.27%
23-Oct-20,12935,12988,12999,12757,2900,-0.41%
24-Oct-20,13132,12935,13166,12905,1970,1.52%
25-Oct-20,13037,13127,13298,12990,3630,-0.72%
26-Oct-20,13061,13037,13205,12863,3680,0.18%
27-Oct-20,13626.3,13061,13703.5,13061,8980,4.33%
28-Oct-20,13272,13626.3,13763,13041.2,7110,-2.60%
29-Oct-20,13451,13272,13555.1,13153,4070,1.35%
30-Oct-20,13568,13451,13642.2,13250,4660,0.87%
31-Oct-20,13788,13568,13958,13499,8950,1.62%
1-Nov-20,13756,13788,13829,13679.5,3110,-0.23%
2-Nov-20,13563,13756,13828.5,13414,6590,-1.40%
3-Nov-20,14025,13562,14025,13401,5810,3.41%
4-Nov-20,14160,14025,14160,13643,10100,0.96%
5-Nov-20,15574,14160,15574,14160,15900,9.99%
6-Nov-20,15571.7,15568,15876,15441,12100,-0.01%
7-Nov-20,14844.1,15571.7,15610,14734,14370,-4.67%
8-Nov-20,15501,14844.1,15554.2,14844.1,6470,4.43%
9-Nov-20,15329,15501,15687,15063.7,8950,-1.11%
10-Nov-20,15312,15329,15402,15177,3740,-0.11%
11-Nov-20,15710,15312,15911.6,15312,6940,2.60%
12-Nov-20,16294,15710,16294,15656,12300,3.72%
13-Nov-20,16310,16296.2,16405,16079,7700,0.10%
14-Nov-20,16058.3,16310,16310,15833,5090,-1.54%
15-Nov-20,15962.2,16057,16095,15871,2560,-0.60%
16-Nov-20,16710,15962.2,16827.6,15906,6520,4.68%
17-Nov-20,17674.9,16710,17740,16627,12210,5.77%
18-Nov-20,17773,17674.9,18212,17378.6,17520,0.56%
19-Nov-20,17810,17773,18140,17486,5570,0.21%
20-Nov-20,18669,17810,18699.7,17810,7970,4.82%
21-Nov-20,18660,18669,18944.5,18521,6620,-0.05%
22-Nov-20,18399,18660,18668,18122,9100,-1.40%
23-Nov-20,18373,18399,18655,18158,8760,-0.14%
24-Nov-20,19134.8,18373,19349,18357,14940,4.15%
25-Nov-20,18730,19134.8,19303,18730,13480,-2.12%
26-Nov-20,17219,18727,18824,16592,34340,-8.07%
27-Nov-20,17169.3,17211.7,17492,16614.9,11210,-0.29%
28-Nov-20,17746,17169.3,17800,16997,5750,3.36%
29-Nov-20,18196,17746,18212,17579.2,3990,2.54%
30-Nov-20,19686,18196,19723,18196,14950,8.19%
1-Dec-20,18807,19695,19733,18727,21940,-4.47%
2-Dec-20,19241,18807,19275,18538,7630,2.31%
3-Dec-20,19447,19241,19560,18999.4,5250,1.07%
4-Dec-20,18657,19452,19452,18657,8650,-4.06%
5-Dec-20,19157,18657,19157,18657,3660,2.68%
6-Dec-20,19410,19157,19410,19015.6,4330,1.32%
7-Dec-20,19196,19410,19410,18959.4,2290,-1.10%
8-Dec-20,18335,19196,19299,18335,9620,-4.49%
9-Dec-20,18560,18337,18630,17827,9770,1.23%
10-Dec-20,18260,18560,18560,18155,3660,-1.62%
11-Dec-20,18050,18260,18260,17764,6570,-1.15%
12-Dec-20,18810.6,18050,18821,18050,3680,4.21%
13-Dec-20,19180,18818,19338.1,18747,4830,1.96%
14-Dec-20,19281,19180,19281,19076,2530,0.53%
15-Dec-20,19459,19282,19548,19135,6930,0.92%
16-Dec-20,21322,19459,21322,19388,21070,9.57%
17-Dec-20,22806.6,21322,23492,21322,22870,6.96%
18-Dec-20,23127,22806.6,23142,22544,7280,1.41%
19-Dec-20,23804,23127,24058,22966,9670,2.93%
20-Dec-20,23427,23804,24099,23331.7,9600,-1.58%
21-Dec-20,22701,23432.7,23901,22483,14180,-3.10%
22-Dec-20,23805,22701,23805,22489.7,7410,4.86%
23-Dec-20,23234,23805,23916,22917,12070,-2.40%
24-Dec-20,23735,23234,23735,22860,4750,2.16%
25-Dec-20,24717,23743,24717,23491,13780,4.14%
26-Dec-20,26412,24717,26577,24566,13150,6.86%
27-Dec-20,26241,26410,28051.1,26241,17960,-0.65%
28-Dec-20,27058,26241,27308,26241,7600,3.11%
29-Dec-20,27315,27058,27315,25923,8920,0.95%
30-Dec-20,28880,27316,28892,27316,10510,5.73%
31-Dec-20,28933,28880,29133,28358,12220,0.18%
1-Jan-21,29346,28933,29498,28932,8330,1.43%
2-Jan-21,32185,29346,33168,29192,22010,9.67%
3-Jan-21,32971,32183,34253,32110,18910,2.44%
4-Jan-21,32020,32971,33403,29178,24680,-2.88%
5-Jan-21,33996,32020,33996,30979.1,14480,6.17%
6-Jan-21,36755,33986,36755,33901,18620,8.12%
7-Jan-21,39407,36755,39672,36755,22110,7.22%
8-Jan-21,40509,39407,41616,37723,21790,2.80%
9-Jan-21,40171,40509,41046,38966,8170,-0.83%
10-Jan-21,38226,40171,41209.3,37436,19010,-4.84%
11-Jan-21,35476,38226,38226,31842,48040,-7.19%
12-Jan-21,34103,35448,35838.6,33616,22180,-3.87%
13-Jan-21,37375,34106,37418,33160,14890,9.59%
14-Jan-21,39170,37374,39750,37193,12970,4.80%
15-Jan-21,38856,39145,39476,38856,12060,-0.80%