Date,Price,Open,High,Low,Vol.,Change %
18-Jan-18,"11,045.00","11,101.00","11,881.00","10,515.00",85.24K,-0.33%
19-Jan-18,"11,476.00","11,036.00","11,879.00","10,649.00",48.55K,3.90%
20-Jan-18,"12,728.00","11,462.00","13,002.00","11,425.00",46.30K,10.91%
21-Jan-18,"11,514.00","12,732.00","12,732.00","11,020.00",53.62K,-9.54%
22-Jan-18,"10,771.00","11,519.00","11,886.00","10,009.00",66.35K,-6.45%
23-Jan-18,"10,819.00","10,770.00","11,383.00","9,901.10",63.85K,0.45%
24-Jan-18,"11,414.00","10,811.00","11,529.00","10,454.00",43.82K,5.50%
25-Jan-18,"11,146.00","11,402.00","11,723.00","10,857.00",34.44K,-2.35%
26-Jan-18,"11,070.00","11,144.00","11,647.00","10,298.00",56.75K,-0.68%
27-Jan-18,"11,461.00","11,068.00","11,683.00","10,822.00",34.40K,3.53%
28-Jan-18,"11,839.00","11,455.10","12,181.00","11,398.00",29.62K,3.30%
29-Jan-18,"11,212.00","11,836.00","11,957.00","11,074.00",25.65K,-5.30%
30-Jan-18,"10,175.00","11,215.00","11,250.00","9,864.90",61.28K,-9.25%
31-Jan-18,"10,284.00","10,170.00","10,411.00","9,761.00",43.23K,1.07%
1-Feb-18,"9,181.10","10,278.00","10,311.00","8,941.00",78.78K,-10.72%
2-Feb-18,"8,895.80","9,181.00","9,201.00","7,972.20",123.34K,-3.11%
3-Feb-18,"9,219.40","8,887.10","9,495.00","8,189.60",51.91K,3.64%
4-Feb-18,"8,200.00","9,225.10","9,403.30","7,840.00",74.42K,-11.06%
5-Feb-18,"6,949.90","8,185.20","8,378.00","6,658.80",131.29K,-15.25%
6-Feb-18,"7,673.80","6,946.60","7,860.00","6,000.00",192.76K,10.42%
7-Feb-18,"7,587.00","7,679.40","8,488.20","7,175.10",106.70K,-1.13%
8-Feb-18,"8,235.10","7,585.00","8,648.80","7,579.60",77.62K,8.54%
9-Feb-18,"8,683.20","8,240.00","8,748.00","7,734.70",63.03K,5.44%
10-Feb-18,"8,563.10","8,678.10","9,074.30","8,152.10",68.15K,-1.38%
11-Feb-18,"8,069.00","8,563.00","8,569.00","7,851.00",52.21K,-5.77%
12-Feb-18,"8,900.60","8,070.00","9,000.00","8,070.00",51.40K,10.31%
13-Feb-18,"8,515.90","8,902.90","8,952.80","8,339.70",39.51K,-4.32%
14-Feb-18,"9,455.40","8,515.90","9,488.00","8,512.60",50.36K,11.03%
15-Feb-18,"9,996.90","9,454.30","10,175.00","9,338.80",67.53K,5.73%
16-Feb-18,"10,162.00","9,996.00","10,270.00","9,674.90",43.89K,1.65%
17-Feb-18,"11,053.50","10,161.00","11,083.00","10,050.00",52.80K,8.77%
18-Feb-18,"10,372.00","11,062.00","11,250.00","10,122.00",69.83K,-6.17%
19-Feb-18,"11,173.00","10,398.00","11,250.00","10,308.00",50.74K,7.72%
20-Feb-18,"11,218.00","11,172.00","11,776.00","11,101.00",60.92K,0.40%
21-Feb-18,"10,455.00","11,216.00","11,239.00","10,200.00",76.96K,-6.80%
22-Feb-18,"9,830.00","10,453.20","10,912.00","9,740.00",71.23K,-5.98%
23-Feb-18,"10,145.00","9,826.50","10,395.00","9,583.90",59.07K,3.20%
24-Feb-18,"9,666.30","10,144.00","10,499.00","9,350.30",55.70K,-4.72%
25-Feb-18,"9,557.40","9,666.30","9,840.00","9,284.30",30.52K,-1.13%
26-Feb-18,"10,321.00","9,583.00","10,437.00","9,359.90",45.94K,7.99%
27-Feb-18,"10,569.00","10,320.00","10,880.00","10,133.00",39.72K,2.40%
28-Feb-18,"10,315.00","10,583.00","11,063.00","10,270.00",43.89K,-2.40%
1-Mar-18,"10,925.00","10,316.00","11,087.00","10,224.00",33.87K,5.91%
2-Mar-18,"11,025.00","10,908.00","11,189.00","10,766.00",28.86K,0.92%
3-Mar-18,"11,440.00","11,024.00","11,526.00","11,024.00",30.65K,3.76%
4-Mar-18,"11,501.00","11,454.00","11,544.00","11,061.00",28.07K,0.53%
5-Mar-18,"11,416.00","11,497.00","11,696.00","11,390.00",27.56K,-0.74%
6-Mar-18,"10,720.00","11,403.00","11,403.00","10,578.00",44.24K,-6.10%
7-Mar-18,"9,902.90","10,779.00","10,899.00","9,422.10",75.22K,-7.62%
8-Mar-18,"9,300.00","9,910.70","10,109.00","9,037.00",67.75K,-6.09%
9-Mar-18,"9,217.00","9,301.90","9,420.50","8,351.00",98.20K,-0.89%
10-Mar-18,"8,762.00","9,216.20","9,500.00","8,691.10",52.54K,-4.94%
11-Mar-18,"9,528.00","8,764.40","9,726.10","8,429.00",70.48K,8.74%
12-Mar-18,"9,121.00","9,528.00","9,894.70","8,776.80",67.58K,-4.27%
13-Mar-18,"9,135.00","9,130.20","9,479.00","8,827.70",61.54K,0.15%
14-Mar-18,"8,186.60","9,135.20","9,400.10","7,923.80",78.81K,-10.38%
15-Mar-18,"8,252.90","8,181.30","8,416.70","7,666.30",82.58K,0.81%
16-Mar-18,"8,251.00","8,250.10","8,602.70","7,903.20",56.34K,-0.02%
17-Mar-18,"7,851.00","8,250.00","8,350.10","7,729.50",48.97K,-4.85%
18-Mar-18,"8,200.20","7,832.00","8,285.60","7,240.00",88.92K,4.45%
19-Mar-18,"8,600.10","8,209.00","8,689.90","8,100.00",73.28K,4.88%
20-Mar-18,"8,899.70","8,600.20","9,025.00","8,309.60",54.28K,3.48%
21-Mar-18,"8,900.10","8,899.80","9,175.20","8,755.70",42.86K,0.00%
22-Mar-18,"8,706.40","8,888.60","9,088.00","8,453.10",54.42K,-2.18%
23-Mar-18,"8,908.00","8,703.80","8,910.00","8,272.80",44.91K,2.32%
24-Mar-18,"8,535.00","8,911.40","9,040.20","8,463.00",44.21K,-4.19%
25-Mar-18,"8,445.10","8,525.00","8,673.90","8,373.00",30.69K,-1.05%
26-Mar-18,"8,119.10","8,445.00","8,496.40","7,839.10",56.38K,-3.86%
27-Mar-18,"7,784.50","8,128.00","8,209.00","7,727.00",50.41K,-4.12%
28-Mar-18,"7,936.10","7,784.50","8,118.00","7,725.00",35.08K,1.95%
29-Mar-18,"7,094.00","7,936.00","7,963.90","6,897.20",77.41K,-10.61%
30-Mar-18,"6,840.40","7,091.50","7,267.30","6,533.00",108.25K,-3.57%
31-Mar-18,"6,925.30","6,838.10","7,221.90","6,782.90",68.02K,1.24%
1-Apr-18,"6,810.00","6,925.40","7,035.10","6,432.40",54.90K,-1.66%
2-Apr-18,"7,052.70","6,813.10","7,121.40","6,770.20",44.01K,3.56%
3-Apr-18,"7,405.60","7,073.80","7,509.60","7,020.00",49.86K,5.00%
4-Apr-18,"6,785.90","7,403.30","7,422.00","6,670.00",53.72K,-8.37%
5-Apr-18,"6,765.00","6,785.80","6,911.00","6,571.90",45.85K,-0.31%
6-Apr-18,"6,610.20","6,767.20","6,851.50","6,501.10",42.14K,-2.29%
7-Apr-18,"6,892.60","6,610.00","7,075.40","6,599.90",40.61K,4.27%
8-Apr-18,"7,023.90","6,892.60","7,114.80","6,883.00",29.33K,1.90%
9-Apr-18,"6,764.60","7,024.00","7,187.40","6,611.00",75.96K,-3.69%
10-Apr-18,"6,839.30","6,770.90","6,890.60","6,650.00",26.15K,1.10%
11-Apr-18,"6,943.10","6,839.30","6,975.70","6,795.00",29.54K,1.52%
12-Apr-18,"7,912.00","6,944.00","8,083.70","6,761.30",94.57K,13.95%
13-Apr-18,"7,885.80","7,915.20","8,230.00","7,746.00",59.91K,-0.33%
14-Apr-18,"8,002.90","7,885.80","8,182.00","7,820.70",26.52K,1.48%
15-Apr-18,"8,354.10","8,003.00","8,426.30","7,997.20",31.90K,4.39%
16-Apr-18,"8,056.20","8,354.80","8,415.00","7,900.30",37.56K,-3.57%
17-Apr-18,"7,889.90","8,056.10","8,169.00","7,823.30",28.23K,-2.06%
18-Apr-18,"8,166.30","7,888.80","8,229.00","7,874.70",29.54K,3.50%
19-Apr-18,"8,272.80","8,166.40","8,296.80","8,099.90",29.21K,1.30%
20-Apr-18,"8,866.10","8,272.80","8,937.50","8,219.00",50.90K,7.17%
21-Apr-18,"8,919.10","8,865.40","9,029.00","8,618.90",39.56K,0.60%
22-Apr-18,"8,800.00","8,917.60","8,979.80","8,752.90",31.43K,-1.34%
23-Apr-18,"8,940.00","8,791.40","8,940.00","8,769.90",23.26K,1.59%
24-Apr-18,"9,644.40","8,940.20","9,737.90","8,929.90",60.35K,7.88%
25-Apr-18,"8,878.40","9,643.00","9,761.50","8,768.40",74.49K,-7.94%
26-Apr-18,"9,279.30","8,850.10","9,308.00","8,656.00",43.21K,4.52%
27-Apr-18,"8,920.10","9,269.70","9,381.10","8,902.80",30.15K,-3.87%
28-Apr-18,"9,345.30","8,911.00","9,436.00","8,845.00",45.08K,4.77%
29-Apr-18,"9,398.60","9,340.30","9,564.10","9,184.60",27.31K,0.57%
30-Apr-18,"9,240.00","9,400.00","9,450.00","9,110.70",23.26K,-1.69%
1-May-18,"9,067.00","9,240.70","9,240.70","8,829.10",25.59K,-1.87%
2-May-18,"9,236.40","9,069.10","9,279.80","8,979.60",20.18K,1.87%
3-May-18,"9,762.10","9,237.90","9,838.00","9,162.80",36.48K,5.69%
4-May-18,"9,702.80","9,759.00","9,811.90","9,557.00",24.54K,-0.61%
5-May-18,"9,859.60","9,702.90","9,990.00","9,685.90",29.51K,1.62%
6-May-18,"9,658.70","9,859.60","9,963.90","9,455.00",26.92K,-2.04%
7-May-18,"9,370.00","9,659.00","9,675.70","9,200.00",25.78K,-2.99%
8-May-18,"9,184.70","9,356.40","9,469.70","9,052.30",25.86K,-1.98%
9-May-18,"9,318.20","9,180.70","9,370.90","8,980.10",22.81K,1.45%
10-May-18,"9,018.70","9,320.00","9,390.00","9,003.00",23.62K,-3.21%
11-May-18,"8,412.40","9,015.20","9,015.20","8,341.80",54.49K,-6.72%
12-May-18,"8,462.70","8,419.50","8,631.60","8,204.50",36.66K,0.60%
13-May-18,"8,683.60","8,467.00","8,753.00","8,320.00",22.90K,2.61%
14-May-18,"8,670.80","8,683.80","8,882.40","8,279.50",37.15K,-0.15%
15-May-18,"8,467.50","8,668.50","8,838.00","8,420.70",26.21K,-2.34%
16-May-18,"8,336.10","8,467.00","8,488.70","8,103.60",32.76K,-1.55%
17-May-18,"8,051.80","8,349.70","8,466.90","7,986.80",25.19K,-3.41%
18-May-18,"8,239.00","8,054.80","8,276.60","7,927.80",23.44K,2.32%
19-May-18,"8,232.30","8,238.90","8,400.10","8,142.00",14.15K,-0.08%
20-May-18,"8,523.70","8,230.90","8,580.00","8,171.50",15.50K,3.54%
21-May-18,"8,393.40","8,523.70","8,586.90","8,317.70",17.22K,-1.53%
22-May-18,"7,977.30","8,399.60","8,406.50","7,947.20",20.53K,-4.96%
23-May-18,"7,494.80","7,978.00","8,020.00","7,442.10",41.68K,-6.05%
24-May-18,"7,576.70","7,503.30","7,718.00","7,260.90",38.86K,1.09%
25-May-18,"7,458.00","7,576.00","7,654.10","7,323.10",25.87K,-1.57%
26-May-18,"7,330.30","7,456.70","7,621.70","7,286.10",13.81K,-1.71%
27-May-18,"7,339.70","7,330.80","7,411.50","7,220.10",16.17K,0.13%
28-May-18,"7,097.90","7,339.60","7,434.80","7,062.40",26.68K,-3.29%
29-May-18,"7,460.00","7,104.00","7,527.90","7,048.60",27.90K,5.10%
30-May-18,"7,375.10","7,465.30","7,557.50","7,279.60",22.08K,-1.14%
31-May-18,"7,485.80","7,375.10","7,599.70","7,338.00",19.46K,1.50%
1-Jun-18,"7,521.00","7,485.90","7,599.80","7,344.80",19.04K,0.47%
2-Jun-18,"7,638.10","7,521.10","7,691.20","7,445.50",17.36K,1.56%
3-Jun-18,"7,718.00","7,639.00","7,777.40","7,600.00",13.80K,1.05%
4-Jun-18,"7,488.30","7,718.00","7,761.50","7,457.50",18.13K,-2.98%
5-Jun-18,"7,621.70","7,487.90","7,669.00","7,372.90",16.84K,1.78%
6-Jun-18,"7,654.00","7,621.90","7,698.00","7,495.20",18.27K,0.42%
7-Jun-18,"7,688.90","7,653.90","7,756.10","7,645.80",11.04K,0.46%
8-Jun-18,"7,615.10","7,685.70","7,697.00","7,544.00",12.20K,-0.96%
9-Jun-18,"7,498.60","7,615.20","7,684.90","7,467.70",7.22K,-1.53%
10-Jun-18,"6,757.30","7,498.10","7,498.10","6,633.90",57.82K,-9.89%
11-Jun-18,"6,873.30","6,757.30","6,897.00","6,631.00",22.38K,1.72%
12-Jun-18,"6,543.90","6,873.20","6,873.20","6,441.00",32.01K,-4.79%
13-Jun-18,"6,295.20","6,543.10","6,611.70","6,125.70",45.58K,-3.80%
14-Jun-18,"6,633.70","6,295.10","6,703.40","6,269.50",33.06K,5.38%
15-Jun-18,"6,385.00","6,638.00","6,655.50","6,360.30",21.29K,-3.75%
16-Jun-18,"6,485.90","6,386.20","6,557.20","6,330.00",13.70K,1.58%
17-Jun-18,"6,435.70","6,491.00","6,573.00","6,426.90",9.44K,-0.77%
18-Jun-18,"6,709.20","6,443.50","6,826.80","6,378.60",26.37K,4.25%
19-Jun-18,"6,737.50","6,711.60","6,832.90","6,666.20",17.38K,0.42%
20-Jun-18,"6,760.40","6,732.70","6,818.20","6,560.00",18.71K,0.34%
21-Jun-18,"6,713.50","6,760.00","6,787.10","6,680.10",10.65K,-0.69%
22-Jun-18,"6,042.60","6,715.20","6,730.70","5,929.10",55.25K,-9.99%
23-Jun-18,"6,152.00","6,041.00","6,253.90","6,014.00",20.70K,1.81%
24-Jun-18,"6,148.00","6,151.90","6,249.70","5,762.90",45.50K,-0.06%
25-Jun-18,"6,246.60","6,146.10","6,334.20","6,082.10",27.91K,1.60%
26-Jun-18,"6,078.50","6,250.80","6,273.70","6,050.20",18.83K,-2.69%
27-Jun-18,"6,133.10","6,073.50","6,181.40","5,989.00",18.27K,0.90%
28-Jun-18,"5,850.00","6,133.10","6,167.70","5,829.90",17.94K,-4.62%
29-Jun-18,"6,208.10","5,848.10","6,273.00","5,782.90",33.93K,6.12%
30-Jun-18,"6,391.50","6,208.20","6,518.10","6,195.80",23.86K,2.95%
1-Jul-18,"6,349.70","6,391.50","6,435.00","6,260.20",11.38K,-0.65%
2-Jul-18,"6,581.30","6,617.60","6,672.40","6,539.00",26.92K,3.65%
3-Jul-18,"6,500.00","6,617.60","6,672.40","6,470.50",17.26K,-1.24%
4-Jul-18,"6,590.00","6,509.00","6,778.30","6,418.70",22.49K,1.38%
5-Jul-18,"6,540.20","6,589.90","6,697.70","6,452.00",23.13K,-0.76%
6-Jul-18,"6,602.10","6,531.60","6,636.90","6,452.90",14.95K,0.95%
7-Jul-18,"6,761.70","6,602.20","6,826.10","6,511.50",15.29K,2.42%
8-Jul-18,"6,707.00","6,761.80","6,790.80","6,669.10",13.71K,-0.81%
9-Jul-18,"6,666.70","6,705.90","6,820.00","6,617.10",16.30K,-0.60%
10-Jul-18,"6,301.50","6,666.90","6,680.10","6,269.30",28.02K,-5.48%
11-Jul-18,"6,377.80","6,299.00","6,402.80","6,287.70",16.41K,1.21%
12-Jul-18,"6,249.00","6,377.70","6,377.70","6,080.80",24.98K,-2.02%
13-Jul-18,"6,220.00","6,240.60","6,335.10","6,133.40",20.09K,-0.46%
14-Jul-18,"6,250.10","6,219.70","6,320.00","6,179.30",8.90K,0.48%
15-Jul-18,"6,347.20","6,250.00","6,388.90","6,232.30",10.99K,1.55%
16-Jul-18,"6,729.20","6,347.70","6,750.00","6,328.90",31.00K,6.02%
17-Jul-18,"7,319.80","6,734.30","7,462.90","6,667.40",48.12K,8.78%
18-Jul-18,"7,379.40","7,320.00","7,586.50","7,249.90",39.62K,0.81%
19-Jul-18,"7,473.50","7,379.80","7,559.90","7,282.90",22.19K,1.28%
20-Jul-18,"7,333.10","7,473.60","7,681.00","7,278.20",32.74K,-1.88%
21-Jul-18,"7,403.30","7,333.00","7,458.00","7,221.00",11.41K,0.96%
22-Jul-18,"7,400.50","7,403.40","7,572.70","7,338.90",17.17K,-0.04%
23-Jul-18,"7,719.80","7,397.70","7,800.70","7,374.10",47.52K,4.31%
24-Jul-18,"8,394.50","7,719.80","8,500.20","7,692.30",64.68K,8.74%
25-Jul-18,"8,176.00","8,380.00","8,485.70","8,073.00",36.97K,-2.60%
26-Jul-18,"7,939.00","8,178.40","8,313.10","7,869.80",32.78K,-2.90%
27-Jul-18,"8,185.70","7,933.50","8,280.30","7,815.10",34.22K,3.11%
28-Jul-18,"8,246.40","8,188.00","8,246.40","8,073.90",13.66K,0.74%
29-Jul-18,"8,221.00","8,235.70","8,293.90","8,123.00",10.19K,-0.31%
30-Jul-18,"8,179.60","8,218.50","8,274.20","7,862.90",37.58K,-0.50%
31-Jul-18,"7,730.60","8,179.50","8,179.50","7,670.00",43.55K,-5.49%
1-Aug-18,"7,608.80","7,731.30","7,755.60","7,444.20",30.74K,-1.58%
2-Aug-18,"7,535.20","7,606.00","7,707.10","7,463.10",17.75K,-0.97%
3-Aug-18,"7,420.00","7,533.20","7,533.20","7,283.60",30.88K,-1.53%
4-Aug-18,"7,013.20","7,420.00","7,490.00","6,930.00",31.72K,-5.48%
5-Aug-18,"7,025.80","7,013.20","7,089.70","6,890.20",17.68K,0.18%
6-Aug-18,"6,941.30","7,025.80","7,149.90","6,847.00",18.12K,-1.20%
7-Aug-18,"6,720.50","6,940.10","7,149.90","6,678.80",32.25K,-3.18%
8-Aug-18,"6,279.20","6,718.80","6,720.10","6,131.00",53.88K,-6.57%
9-Aug-18,"6,529.10","6,280.70","6,623.70","6,188.20",33.38K,3.98%
10-Aug-18,"6,146.80","6,533.60","6,573.60","6,014.50",43.50K,-5.86%
11-Aug-18,"6,232.70","6,147.00","6,485.70","6,008.20",37.12K,1.40%
12-Aug-18,"6,313.90","6,234.70","6,481.70","6,163.30",23.05K,1.30%
13-Aug-18,"6,251.90","6,312.20","6,541.80","6,150.00",32.33K,-0.98%
14-Aug-18,"6,189.00","6,241.30","6,244.00","5,879.30",52.70K,-1.01%
15-Aug-18,"6,270.10","6,188.60","6,623.80","6,181.10",66.22K,1.31%
16-Aug-18,"6,314.00","6,270.20","6,474.70","6,215.20",25.14K,0.70%
17-Aug-18,"6,583.30","6,312.00","6,588.70","6,290.20",26.76K,4.27%
18-Aug-18,"6,391.20","6,585.90","6,615.00","6,301.90",19.73K,-2.92%
19-Aug-18,"6,485.10","6,395.00","6,550.00","6,309.30",15.35K,1.47%
20-Aug-18,"6,255.90","6,485.10","6,520.60","6,230.20",31.72K,-3.53%
21-Aug-18,"6,479.10","6,255.20","6,500.00","6,245.00",29.50K,3.57%
22-Aug-18,"6,354.90","6,479.10","6,885.00","6,253.00",58.96K,-1.92%
23-Aug-18,"6,527.20","6,363.80","6,565.60","6,350.00",19.94K,2.71%
24-Aug-18,"6,695.90","6,530.50","6,728.30","6,462.70",20.20K,2.58%
25-Aug-18,"6,732.90","6,693.30","6,795.50","6,670.00",16.88K,0.55%
26-Aug-18,"6,708.40","6,732.80","6,784.10","6,574.50",16.75K,-0.36%
27-Aug-18,"6,909.50","6,707.00","6,911.60","6,653.50",24.21K,3.00%
28-Aug-18,"7,079.70","6,910.50","7,127.20","6,872.00",30.07K,2.46%
29-Aug-18,"7,045.70","7,079.90","7,133.60","6,931.60",19.83K,-0.48%
30-Aug-18,"6,994.70","7,037.90","7,060.00","6,802.40",24.58K,-0.72%
31-Aug-18,"7,025.90","6,986.10","7,084.00","6,889.00",19.38K,0.45%
1-Sep-18,"7,197.50","7,022.90","7,260.40","7,020.50",21.39K,2.44%
2-Sep-18,"7,290.40","7,197.50","7,367.00","7,137.20",44.68K,1.29%
3-Sep-18,"7,268.00","7,304.70","7,341.40","7,200.10",22.31K,-0.31%
4-Sep-18,"7,358.90","7,267.80","7,410.30","7,246.20",20.82K,1.25%
5-Sep-18,"6,710.50","7,357.30","7,400.00","6,700.00",55.65K,-8.81%
6-Sep-18,"6,515.60","6,705.00","6,720.80","6,310.30",53.00K,-2.90%
7-Sep-18,"6,404.10","6,516.10","6,532.90","6,322.80",20.74K,-1.71%
8-Sep-18,"6,185.00","6,404.20","6,475.10","6,130.30",21.85K,-3.42%
9-Sep-18,"6,239.90","6,184.90","6,427.60","6,142.20",16.46K,0.89%
10-Sep-18,"6,308.00","6,240.00","6,363.50","6,233.20",14.45K,1.09%
11-Sep-18,"6,290.80","6,332.10","6,397.10","6,178.10",16.61K,-0.27%
12-Sep-18,"6,332.00","6,290.90","6,355.00","6,203.10",16.08K,0.65%
13-Sep-18,"6,475.60","6,334.00","6,523.40","6,334.00",19.24K,2.27%
14-Sep-18,"6,485.00","6,495.00","6,593.00","6,355.60",16.37K,0.15%
15-Sep-18,"6,513.60","6,480.10","6,568.90","6,473.60",8.35K,0.44%
16-Sep-18,"6,498.50","6,512.80","6,517.80","6,384.50",8.73K,-0.23%
17-Sep-18,"6,254.20","6,506.10","6,532.80","6,205.10",23.54K,-3.76%
18-Sep-18,"6,342.80","6,243.00","6,384.00","6,229.20",15.93K,1.42%
19-Sep-18,"6,390.90","6,330.80","6,521.50","6,112.70",29.90K,0.76%
20-Sep-18,"6,500.50","6,392.80","6,535.00","6,357.20",16.67K,1.71%
21-Sep-18,"6,762.70","6,522.10","6,790.00","6,496.00",36.99K,4.03%
22-Sep-18,"6,723.00","6,789.80","6,840.00","6,643.60",18.26K,-0.59%
23-Sep-18,"6,710.00","6,723.10","6,783.30","6,664.20",8.51K,-0.19%
24-Sep-18,"6,585.00","6,697.80","6,721.70","6,555.10",17.76K,-1.86%
25-Sep-18,"6,434.70","6,585.10","6,585.10","6,350.20",20.21K,-2.28%
26-Sep-18,"6,462.40","6,442.80","6,552.70","6,385.80",13.81K,0.43%
27-Sep-18,"6,692.50","6,462.40","6,727.20","6,440.70",18.37K,3.56%
28-Sep-18,"6,635.10","6,691.20","6,825.00","6,545.10",27.89K,-0.86%
29-Sep-18,"6,604.60","6,627.30","6,631.20","6,466.00",17.30K,-0.46%
30-Sep-18,"6,618.10","6,590.00","6,656.50","6,533.30",8.49K,0.20%
1-Oct-18,"6,601.90","6,625.90","6,659.60","6,521.00",10.36K,-0.24%
2-Oct-18,"6,533.30","6,602.00","6,638.40","6,514.10",12.03K,-1.04%
3-Oct-18,"6,503.20","6,527.50","6,552.50","6,428.10",14.57K,-0.46%
4-Oct-18,"6,580.10","6,507.90","6,640.00","6,499.30",11.79K,1.18%
5-Oct-18,"6,644.70","6,594.30","6,666.90","6,548.00",12.43K,0.98%
6-Oct-18,"6,592.00","6,639.90","6,648.20","6,564.50",5.80K,-0.79%
7-Oct-18,"6,601.00","6,595.20","6,633.70","6,532.80",5.80K,0.14%
8-Oct-18,"6,673.20","6,617.00","6,718.40","6,585.90",12.70K,1.09%
9-Oct-18,"6,663.00","6,679.70","6,680.60","6,608.50",8.02K,-0.15%
10-Oct-18,"6,630.20","6,659.70","6,659.70","6,529.70",13.82K,-0.49%
11-Oct-18,"6,252.00","6,628.00","6,628.00","6,223.80",41.61K,-5.70%
12-Oct-18,"6,293.20","6,249.00","6,348.40","6,223.00",10.40K,0.66%
13-Oct-18,"6,326.50","6,288.60","6,331.40","6,288.60",5.82K,0.53%
14-Oct-18,"6,335.20","6,326.00","6,399.10","6,318.50",11.23K,0.14%
15-Oct-18,"6,742.00","6,322.70","7,704.20","6,300.00",85.00K,6.42%
16-Oct-18,"6,754.10","6,739.00","6,891.80","6,679.00",15.66K,0.18%
17-Oct-18,"6,737.10","6,754.20","6,792.70","6,681.30",8.88K,-0.25%
18-Oct-18,"6,613.00","6,736.40","6,778.20","6,567.50",12.53K,-1.84%
19-Oct-18,"6,527.30","6,609.60","6,630.20","6,519.90",11.20K,-1.30%
20-Oct-18,"6,586.70","6,517.00","6,609.70","6,511.30",4.61K,0.91%
21-Oct-18,"6,591.60","6,582.90","6,655.00","6,582.90",4.42K,0.07%
22-Oct-18,"6,567.20","6,587.40","6,627.60","6,549.10",6.05K,-0.37%
23-Oct-18,"6,550.00","6,567.20","6,584.30","6,525.40",8.86K,-0.26%
24-Oct-18,"6,554.10","6,550.00","6,623.00","6,543.20",8.49K,0.06%
25-Oct-18,"6,528.10","6,554.00","6,566.00","6,500.10",8.71K,-0.40%
26-Oct-18,"6,531.50","6,533.40","6,588.30","6,514.30",7.45K,0.05%
27-Oct-18,"6,500.20","6,534.90","6,553.90","6,480.10",6.97K,-0.48%
28-Oct-18,"6,490.10","6,498.40","6,510.10","6,456.30",6.84K,-0.16%
29-Oct-18,"6,344.00","6,490.20","6,505.00","6,320.90",19.56K,-2.25%
30-Oct-18,"6,330.10","6,347.10","6,380.00","6,313.20",10.73K,-0.22%
31-Oct-18,"6,368.40","6,330.10","6,406.40","6,248.20",9.96K,0.60%
1-Nov-18,"6,399.70","6,374.80","6,423.20","6,353.50",9.12K,0.49%
2-Nov-18,"6,426.90","6,407.10","6,454.80","6,391.60",8.07K,0.43%
3-Nov-18,"6,387.90","6,432.20","6,432.20","6,334.70",11.37K,-0.61%
4-Nov-18,"6,485.20","6,389.20","6,509.40","6,360.10",8.96K,1.52%
5-Nov-18,"6,470.10","6,495.20","6,495.20","6,439.40",4.81K,-0.23%
6-Nov-18,"6,515.20","6,475.00","6,515.30","6,447.80",7.25K,0.70%
7-Nov-18,"6,572.70","6,519.00","6,607.10","6,512.20",10.72K,0.88%
8-Nov-18,"6,479.60","6,573.00","6,585.00","6,477.00",11.58K,-1.42%
9-Nov-18,"6,420.20","6,479.50","6,502.90","6,392.60",10.45K,-0.92%
10-Nov-18,"6,431.10","6,414.50","6,461.70","6,414.50",3.25K,0.17%
11-Nov-18,"6,450.00","6,431.00","6,459.90","6,364.00",7.34K,0.29%
12-Nov-18,"6,446.90","6,481.00","6,481.00","6,418.80",7.30K,-0.05%
13-Nov-18,"6,464.40","6,447.00","6,497.50","6,403.50",10.12K,0.27%
14-Nov-18,"5,884.60","6,458.90","6,485.00","5,705.00",69.20K,-8.97%
15-Nov-18,"5,753.40","5,922.30","5,929.20","5,441.50",49.91K,-2.23%
16-Nov-18,"5,660.50","5,731.90","5,756.80","5,555.00",18.43K,-1.61%
17-Nov-18,"5,626.70","5,655.70","5,659.20","5,573.60",7.98K,-0.60%
18-Nov-18,"5,659.40","5,637.20","5,716.00","5,621.00",9.55K,0.58%
19-Nov-18,"4,938.10","5,650.30","5,650.30","4,890.90",74.15K,-12.75%
20-Nov-18,"4,600.10","4,944.90","5,048.00","4,318.10",117.22K,-6.84%
21-Nov-18,"4,666.60","4,572.80","4,773.40","4,429.90",44.38K,1.45%
22-Nov-18,"4,392.40","4,672.10","4,716.80","4,388.50",27.95K,-5.88%
23-Nov-18,"4,422.70","4,370.80","4,482.00","4,251.00",36.09K,0.69%
24-Nov-18,"3,929.80","4,422.80","4,515.20","3,834.70",50.98K,-11.14%
25-Nov-18,"4,087.80","3,934.90","4,211.30","3,663.00",82.18K,4.02%
26-Nov-18,"3,858.00","4,111.30","4,196.40","3,708.10",64.08K,-5.62%
27-Nov-18,"3,884.40","3,850.10","3,941.60","3,713.20",46.27K,0.68%
28-Nov-18,"4,306.30","3,902.30","4,439.60","3,889.90",65.26K,10.86%
29-Nov-18,"4,312.90","4,331.40","4,472.00","4,180.60",41.10K,0.15%
30-Nov-18,"4,038.30","4,323.30","4,357.40","3,966.20",42.38K,-6.37%
1-Dec-18,"4,243.00","4,043.60","4,339.00","3,978.80",27.50K,5.07%
2-Dec-18,"4,159.70","4,241.40","4,353.20","4,127.20",24.40K,-1.96%
3-Dec-18,"3,901.20","4,172.90","4,178.50","3,836.20",36.86K,-6.21%
4-Dec-18,"3,981.90","3,903.80","4,131.10","3,793.10",33.69K,2.07%
5-Dec-18,"3,765.30","3,982.20","4,000.10","3,751.10",28.43K,-5.44%
6-Dec-18,"3,531.30","3,770.50","3,908.00","3,506.00",58.22K,-6.21%
7-Dec-18,"3,460.00","3,528.60","3,624.80","3,278.40",74.08K,-2.02%
8-Dec-18,"3,506.00","3,460.00","3,784.80","3,316.20",39.08K,1.33%
9-Dec-18,"3,639.60","3,506.00","3,766.60","3,469.70",25.08K,3.81%
10-Dec-18,"3,524.90","3,642.10","3,697.90","3,475.80",22.60K,-3.15%
11-Dec-18,"3,435.30","3,523.50","3,549.60","3,384.00",24.05K,-2.54%
12-Dec-18,"3,535.60","3,435.30","3,611.20","3,415.10",20.93K,2.92%
13-Dec-18,"3,354.40","3,535.60","3,539.10","3,322.20",22.24K,-5.13%
14-Dec-18,"3,282.80","3,354.40","3,390.80","3,226.40",28.56K,-2.13%
15-Dec-18,"3,285.10","3,281.60","3,323.80","3,216.10",17.89K,0.07%
16-Dec-18,"3,299.90","3,282.20","3,380.30","3,278.00",19.10K,0.45%
17-Dec-18,"3,625.10","3,299.90","3,711.50","3,285.50",35.72K,9.85%
18-Dec-18,"3,780.10","3,625.00","3,780.90","3,551.00",29.43K,4.28%
19-Dec-18,"3,810.00","3,780.10","4,041.10","3,758.00",55.26K,0.79%
20-Dec-18,"4,214.50","3,810.00","4,275.70","3,788.60",65.87K,10.62%
21-Dec-18,"3,976.10","4,214.60","4,283.00","3,913.30",43.52K,-5.66%
22-Dec-18,"4,135.00","3,975.90","4,147.30","3,919.50",19.51K,4.00%
23-Dec-18,"4,075.70","4,135.00","4,210.00","4,036.80",24.47K,-1.43%
24-Dec-18,"4,145.20","4,071.70","4,384.00","4,069.00",38.00K,1.71%
25-Dec-18,"3,909.70","4,140.70","4,152.10","3,815.50",33.73K,-5.68%
26-Dec-18,"3,929.80","3,909.70","3,990.00","3,812.10",19.13K,0.51%
27-Dec-18,"3,714.70","3,930.00","3,954.90","3,688.00",23.61K,-5.47%
28-Dec-18,"4,036.70","3,712.00","4,094.90","3,696.30",26.92K,8.67%
29-Dec-18,"3,887.00","4,033.90","4,099.70","3,864.60",18.70K,-3.71%
30-Dec-18,"3,978.30","3,893.80","4,003.00","3,845.20",17.73K,2.35%
31-Dec-18,"3,830.50","3,976.70","3,986.90","3,779.50",15.79K,-3.72%
1-Jan-19,"3,963.00","3,832.60","3,981.90","3,788.40",13.85K,3.46%
2-Jan-19,"4,048.50","3,963.10","4,082.20","3,920.10",19.43K,2.16%
3-Jan-19,"3,923.20","4,049.90","4,055.10","3,882.00",10.92K,-3.09%
4-Jan-19,"3,954.90","3,923.20","3,985.80","3,853.30",13.23K,0.81%
5-Jan-19,"3,911.00","3,954.80","4,014.90","3,901.40",14.87K,-1.11%
6-Jan-19,"4,171.50","3,911.00","4,214.50","3,892.90",25.17K,6.66%
7-Jan-19,"4,113.90","4,170.90","4,196.90","4,078.50",11.32K,-1.38%
8-Jan-19,"4,100.00","4,113.90","4,210.00","4,056.20",18.72K,-0.34%
9-Jan-19,"4,083.20","4,100.00","4,165.50","4,036.00",20.63K,-0.41%
10-Jan-19,"3,712.80","4,083.30","4,136.10","3,687.20",35.02K,-9.07%
11-Jan-19,"3,716.10","3,712.80","3,777.40","3,666.60",13.13K,0.09%
12-Jan-19,"3,702.00","3,712.80","3,734.00","3,674.40",9.29K,-0.38%
13-Jan-19,"3,591.00","3,702.00","3,712.90","3,570.00",12.59K,-3.00%
14-Jan-19,"3,749.30","3,591.00","3,798.70","3,581.80",14.84K,4.41%
15-Jan-19,"3,656.50","3,749.30","3,769.50","3,625.10",13.32K,-2.48%
16-Jan-19,"3,671.20","3,657.00","3,750.00","3,642.90",13.23K,0.40%
17-Jan-19,"3,723.00","3,671.30","3,725.00","3,610.00",10.86K,1.41%
18-Jan-19,"3,675.70","3,722.50","3,723.90","3,652.40",5.65K,-1.27%
19-Jan-19,"3,760.00","3,674.10","3,858.50","3,673.90",13.39K,2.29%
20-Jan-19,"3,586.10","3,762.30","3,796.00","3,548.30",20.62K,-4.62%
21-Jan-19,"3,579.40","3,588.60","3,614.80","3,550.00",10.81K,-0.19%
22-Jan-19,"3,639.10","3,579.40","3,676.30","3,488.30",18.08K,1.67%
23-Jan-19,"3,619.90","3,639.00","3,677.00","3,591.20",7.97K,-0.53%
24-Jan-19,"3,652.60","3,621.70","3,670.00","3,589.90",7.87K,0.90%
25-Jan-19,"3,628.90","3,653.00","3,663.40","3,582.10",7.38K,-0.65%
26-Jan-19,"3,630.70","3,629.00","3,745.80","3,624.80",13.00K,0.05%
27-Jan-19,"3,597.10","3,630.70","3,642.50","3,544.00",11.45K,-0.93%
28-Jan-19,"3,501.90","3,597.10","3,597.90","3,450.30",17.02K,-2.65%
29-Jan-19,"3,477.90","3,501.10","3,512.50","3,427.20",10.47K,-0.68%
30-Jan-19,"3,529.60","3,478.00","3,548.00","3,451.50",12.58K,1.49%
31-Jan-19,"3,501.10","3,529.70","3,565.70","3,482.20",8.57K,-0.81%
1-Feb-19,"3,536.20","3,502.70","3,557.20","3,465.00",10.04K,1.00%
2-Feb-19,"3,564.30","3,534.80","3,575.40","3,500.80",10.89K,0.79%
3-Feb-19,"3,501.70","3,564.50","3,566.80","3,470.10",7.86K,-1.76%
4-Feb-19,"3,490.50","3,504.20","3,522.60","3,475.30",5.21K,-0.32%
5-Feb-19,"3,512.60","3,490.40","3,517.00","3,475.90",4.59K,0.63%
6-Feb-19,"3,452.00","3,512.60","3,521.00","3,417.60",13.16K,-1.73%
7-Feb-19,"3,436.10","3,451.90","3,462.30","3,429.30",4.80K,-0.46%
8-Feb-19,"3,724.00","3,439.00","3,799.60","3,427.80",31.15K,8.38%
9-Feb-19,"3,718.40","3,724.10","3,739.10","3,688.80",6.74K,-0.15%
10-Feb-19,"3,746.30","3,718.30","3,753.50","3,667.10",9.97K,0.75%
11-Feb-19,"3,681.10","3,749.70","3,749.70","3,672.00",7.80K,-1.74%
12-Feb-19,"3,694.20","3,681.00","3,728.00","3,645.30",11.34K,0.36%
13-Feb-19,"3,666.10","3,694.10","3,735.40","3,650.40",11.76K,-0.76%
14-Feb-19,"3,656.70","3,665.50","3,681.10","3,641.10",7.53K,-0.26%
15-Feb-19,"3,670.00","3,656.70","3,716.30","3,644.50",7.81K,0.36%
16-Feb-19,"3,676.40","3,670.10","3,724.90","3,666.00",7.52K,0.18%
17-Feb-19,"3,734.50","3,676.50","3,788.80","3,668.90",14.07K,1.58%
18-Feb-19,"3,978.10","3,734.50","4,019.90","3,723.90",37.62K,6.52%
19-Feb-19,"3,989.90","3,978.40","4,081.40","3,943.40",24.30K,0.30%
20-Feb-19,"4,055.00","3,989.90","4,070.00","3,969.20",15.25K,1.63%
21-Feb-19,"4,008.80","4,053.70","4,122.00","3,975.30",15.48K,-1.14%
22-Feb-19,"4,058.30","4,008.80","4,074.00","3,991.30",14.21K,1.23%
23-Feb-19,"4,211.70","4,058.20","4,255.00","4,014.50",21.53K,3.78%
24-Feb-19,"3,832.00","4,212.20","4,282.40","3,812.00",36.09K,-9.02%
25-Feb-19,"3,921.80","3,825.00","3,965.00","3,825.00",10.41K,2.34%
26-Feb-19,"3,896.80","3,919.30","3,934.10","3,870.40",5.11K,-0.64%
27-Feb-19,"3,902.70","3,896.80","3,934.00","3,767.00",12.03K,0.15%
28-Feb-19,"3,894.00","3,900.10","3,988.00","3,875.00",12.10K,-0.22%
1-Mar-19,"3,914.00","3,894.00","3,948.70","3,893.00",4.76K,0.51%
2-Mar-19,"3,913.00","3,915.00","3,924.00","3,850.00",5.11K,-0.03%
3-Mar-19,"3,884.80","3,913.00","3,923.40","3,856.70",2.88K,-0.72%
4-Mar-19,"3,800.00","3,884.80","3,908.10","3,767.10",10.18K,-2.18%
5-Mar-19,"3,951.60","3,800.00","3,966.90","3,786.20",10.80K,3.99%
6-Mar-19,"3,951.40","3,951.60","3,984.10","3,912.40",6.59K,-0.01%
7-Mar-19,"3,964.70","3,951.50","3,989.60","3,935.70",7.64K,0.34%
8-Mar-19,"3,940.50","3,964.70","4,020.90","3,863.70",9.36K,-0.61%
9-Mar-19,"4,017.30","3,940.50","4,046.20","3,933.90",7.38K,1.95%
10-Mar-19,"4,000.00","4,017.30","4,017.30","3,961.80",4.67K,-0.43%
11-Mar-19,"3,949.00","4,000.00","4,009.20","3,920.70",6.61K,-1.28%
12-Mar-19,"3,954.10","3,950.70","3,979.50","3,895.20",7.63K,0.13%
13-Mar-19,"3,947.90","3,954.90","3,972.10","3,925.10",5.51K,-0.16%
14-Mar-19,"3,948.30","3,946.20","4,000.10","3,882.80",8.30K,0.01%
15-Mar-19,"4,003.10","3,948.30","4,011.00","3,948.30",6.72K,1.39%
16-Mar-19,"4,088.00","4,003.10","4,152.70","4,003.10",13.94K,2.12%
17-Mar-19,"4,068.90","4,088.00","4,088.30","4,041.10",3.38K,-0.47%
18-Mar-19,"4,073.50","4,069.00","4,119.90","4,035.60",3.68K,0.11%
19-Mar-19,"4,104.70","4,073.70","4,118.00","4,056.60",5.55K,0.77%
20-Mar-19,"4,127.20","4,104.60","4,136.20","4,073.90",7.82K,0.55%
21-Mar-19,"4,044.80","4,127.20","4,138.70","4,005.20",11.82K,-2.00%
22-Mar-19,"4,045.30","4,044.80","4,064.60","4,035.10",4.84K,0.01%
23-Mar-19,"4,063.20","4,045.20","4,076.30","4,038.50",4.37K,0.44%
24-Mar-19,"4,041.40","4,063.00","4,063.20","4,011.50",3.36K,-0.54%
25-Mar-19,"3,970.00","4,041.40","4,049.90","3,939.10",6.70K,-1.77%
26-Mar-19,"3,991.70","3,970.00","3,994.80","3,951.00",5.09K,0.55%
27-Mar-19,"4,102.50","3,992.70","4,109.60","3,979.60",7.93K,2.78%
28-Mar-19,"4,092.60","4,102.70","4,104.00","4,066.40",6.22K,-0.24%
29-Mar-19,"4,179.00","4,092.60","4,188.00","4,084.70",8.65K,2.11%
30-Mar-19,"4,165.10","4,179.10","4,210.00","4,117.20",6.63K,-0.33%
31-Mar-19,"4,167.60","4,165.10","4,181.40","4,153.10",2.27K,0.06%
1-Apr-19,"4,196.80","4,167.50","4,220.80","4,127.20",7.01K,0.70%
2-Apr-19,"4,927.10","4,196.90","5,079.40","4,189.70",54.14K,17.40%
3-Apr-19,"4,978.00","4,929.30","5,330.10","4,849.10",44.28K,1.03%
4-Apr-19,"4,938.90","4,976.90","5,099.90","4,834.00",15.42K,-0.79%
5-Apr-19,"5,080.40","4,939.30","5,130.00","4,930.10",11.36K,2.87%
6-Apr-19,"5,090.50","5,080.40","5,280.00","4,968.10",14.20K,0.20%
7-Apr-19,"5,238.10","5,091.10","5,313.10","5,075.00",9.95K,2.90%
8-Apr-19,"5,312.50","5,238.90","5,361.70","5,148.50",17.82K,1.42%
9-Apr-19,"5,216.30","5,312.40","5,312.50","5,173.50",11.90K,-1.81%
10-Apr-19,"5,311.70","5,213.00","5,487.40","5,200.50",15.78K,1.83%
11-Apr-19,"5,065.80","5,315.50","5,340.00","5,001.10",19.39K,-4.63%
12-Apr-19,"5,114.00","5,059.00","5,134.90","4,935.20",9.22K,0.95%
13-Apr-19,"5,101.80","5,114.10","5,160.80","5,075.30",5.21K,-0.24%
14-Apr-19,"5,194.30","5,103.70","5,209.00","5,064.20",4.15K,1.81%
15-Apr-19,"5,049.20","5,190.10","5,217.10","5,000.70",9.52K,-2.79%
16-Apr-19,"5,234.30","5,042.80","5,256.20","5,030.00",8.38K,3.67%
17-Apr-19,"5,254.50","5,234.30","5,291.10","5,224.70",9.28K,0.39%
18-Apr-19,"5,310.80","5,254.50","5,339.30","5,254.00",9.04K,1.07%
19-Apr-19,"5,314.00","5,310.80","5,371.10","5,225.00",6.31K,0.06%
20-Apr-19,"5,340.00","5,314.10","5,375.60","5,289.20",6.48K,0.49%
21-Apr-19,"5,321.90","5,340.10","5,366.10","5,259.40",6.15K,-0.34%
22-Apr-19,"5,417.80","5,320.30","5,447.50","5,276.50",11.95K,1.80%
23-Apr-19,"5,550.90","5,417.80","5,645.00","5,395.20",18.76K,2.46%
24-Apr-19,"5,480.30","5,547.10","5,647.40","5,415.00",16.53K,-1.27%
25-Apr-19,"5,219.00","5,479.60","5,556.80","5,065.20",21.49K,-4.77%
26-Apr-19,"5,410.80","5,215.60","5,517.10","5,174.10",21.53K,3.68%
27-Apr-19,"5,401.80","5,410.90","5,456.90","5,355.40",4.57K,-0.17%
28-Apr-19,"5,486.80","5,400.60","5,542.20","5,400.60",7.76K,1.57%
29-Apr-19,"5,480.10","5,486.80","5,515.20","5,370.30",7.81K,-0.12%
30-Apr-19,"5,599.50","5,480.00","5,612.00","5,454.90",7.44K,2.18%
1-May-19,"5,629.60","5,599.60","5,655.00","5,585.50",5.53K,0.54%
2-May-19,"5,723.80","5,629.50","5,779.80","5,618.00",11.06K,1.67%
3-May-19,"6,016.00","5,729.60","6,139.90","5,716.50",19.48K,5.11%
4-May-19,"6,098.30","6,019.90","6,149.10","5,868.20",9.44K,1.37%
5-May-19,"6,042.00","6,098.20","6,112.00","5,956.20",5.82K,-0.92%
6-May-19,"6,027.90","6,042.00","6,100.30","5,906.80",6.48K,-0.23%
7-May-19,"6,087.90","6,027.90","6,290.00","6,027.90",11.99K,1.00%
8-May-19,"6,201.00","6,096.60","6,220.40","6,024.10",8.20K,1.86%
9-May-19,"6,258.40","6,201.90","6,309.00","6,165.00",9.68K,0.93%
10-May-19,"6,438.70","6,262.00","6,522.00","6,212.60",14.49K,2.88%
11-May-19,"7,136.40","6,438.70","7,278.30","6,438.70",37.91K,10.84%
12-May-19,"6,979.90","7,125.10","7,448.00","6,860.00",31.96K,-2.19%
13-May-19,"7,753.20","6,980.10","8,049.90","6,883.90",36.47K,11.08%
14-May-19,"7,958.30","7,753.20","8,194.10","7,684.10",29.32K,2.65%
15-May-19,"8,132.90","7,951.90","8,208.90","7,837.60",19.04K,2.19%
16-May-19,"7,857.00","8,135.50","8,307.70","7,750.10",22.29K,-3.39%
17-May-19,"7,415.40","7,857.50","7,905.70","7,067.40",29.02K,-5.62%
18-May-19,"7,260.00","7,418.30","7,509.10","7,210.60",9.32K,-2.10%
19-May-19,"8,189.50","7,260.10","8,263.20","7,252.00",23.46K,12.80%
20-May-19,"7,985.00","8,188.30","8,188.30","7,601.00",16.90K,-2.50%
21-May-19,"7,937.00","7,990.50","8,089.90","7,819.70",7.69K,-0.60%
22-May-19,"7,621.10","7,933.60","8,030.00","7,507.90",10.78K,-3.98%
23-May-19,"7,872.40","7,619.90","7,957.10","7,496.30",10.55K,3.30%
24-May-19,"7,994.90","7,872.10","8,158.60","7,801.60",10.92K,1.56%
25-May-19,"8,054.90","7,990.00","8,135.00","7,950.40",4.34K,0.75%
26-May-19,"8,729.90","8,054.90","8,820.00","7,880.20",20.14K,8.38%
27-May-19,"8,806.00","8,730.00","8,951.00","8,661.00",17.56K,0.87%
28-May-19,"8,740.90","8,806.10","8,843.70","8,558.30",11.14K,-0.74%
29-May-19,"8,680.90","8,738.10","8,794.90","8,490.00",10.30K,-0.69%
30-May-19,"8,269.90","8,681.20","9,100.00","8,019.70",20.29K,-4.73%
31-May-19,"8,533.30","8,268.50","8,550.00","8,112.40",10.93K,3.18%
1-Jun-19,"8,547.00","8,531.90","8,625.00","8,452.00",5.46K,0.16%
2-Jun-19,"8,740.00","8,546.90","8,818.00","8,540.00",6.24K,2.26%
3-Jun-19,"8,103.40","8,740.10","8,740.10","8,050.10",18.66K,-7.28%
4-Jun-19,"7,692.80","8,088.00","8,088.00","7,524.50",28.12K,-5.07%
5-Jun-19,"7,789.30","7,692.80","7,931.00","7,603.00",10.83K,1.25%
6-Jun-19,"7,805.60","7,766.30","7,870.60","7,461.00",7.51K,0.21%
7-Jun-19,"7,991.50","7,816.90","8,123.50","7,769.10",13.44K,2.38%
8-Jun-19,"7,924.60","8,002.10","8,064.80","7,802.00",4.77K,-0.84%
9-Jun-19,"7,639.20","7,924.00","7,961.00","7,502.50",6.83K,-3.60%
10-Jun-19,"8,013.70","7,622.50","8,046.30","7,523.30",8.90K,4.90%
11-Jun-19,"7,904.10","8,018.80","8,048.90","7,711.30",6.53K,-1.37%
12-Jun-19,"8,175.40","7,903.10","8,238.80","7,822.30",9.14K,3.43%
13-Jun-19,"8,227.40","8,177.60","8,333.00","8,038.90",8.89K,0.64%
14-Jun-19,"8,689.10","8,230.00","8,714.90","8,163.30",12.71K,5.61%
15-Jun-19,"8,856.00","8,689.00","8,904.10","8,611.00",9.40K,1.92%
16-Jun-19,"8,986.00","8,852.80","9,389.60","8,803.00",20.91K,1.47%
17-Jun-19,"9,356.00","8,986.00","9,489.90","8,986.00",14.17K,4.12%
18-Jun-19,"9,095.90","9,351.00","9,370.90","8,945.40",10.59K,-2.78%
19-Jun-19,"9,305.90","9,094.90","9,339.90","9,062.00",5.77K,2.31%
20-Jun-19,"9,557.10","9,306.00","9,620.80","9,241.00",10.59K,2.70%
21-Jun-19,"10,236.00","9,557.80","10,249.00","9,557.80",22.23K,7.10%
22-Jun-19,"10,747.90","10,227.00","11,210.00","10,098.20",36.68K,5.00%
23-Jun-19,"10,916.00","10,745.00","11,368.00","10,576.00",18.59K,1.56%
24-Jun-19,"11,053.00","10,913.00","11,135.00","10,560.00",14.40K,1.26%
25-Jun-19,"11,751.00","11,070.00","11,780.00","10,992.40",21.85K,6.32%
26-Jun-19,"12,876.00","11,746.00","13,764.00","11,693.00",55.59K,9.57%
27-Jun-19,"11,200.00","12,876.00","13,222.00","10,397.00",47.61K,-13.02%
28-Jun-19,"12,349.00","11,183.00","12,404.00","10,812.00",31.98K,10.26%
29-Jun-19,"11,921.00","12,350.70","12,350.70","11,375.00",20.39K,-3.47%
30-Jun-19,"10,745.00","11,973.00","12,229.00","10,705.00",19.07K,-9.86%
1-Jul-19,"10,639.00","10,777.00","11,221.00","10,099.00",24.90K,-0.99%
2-Jul-19,"10,866.00","10,639.80","10,961.00","9,745.10",28.78K,2.13%
3-Jul-19,"11,984.00","10,903.00","12,004.00","10,903.00",28.09K,10.29%
4-Jul-19,"11,169.00","12,000.00","12,063.50","11,057.00",19.84K,-6.80%
5-Jul-19,"10,998.00","11,141.00","11,440.00","10,802.00",16.37K,-1.53%
6-Jul-19,"11,283.00","10,983.00","11,720.00","10,983.00",12.21K,2.59%
7-Jul-19,"11,486.00","11,276.00","11,618.00","11,121.60",8.42K,1.80%
8-Jul-19,"12,301.00","11,484.00","12,382.00","11,339.00",17.84K,7.10%
9-Jul-19,"12,553.00","12,301.50","12,811.00","12,173.00",19.16K,2.05%
10-Jul-19,"12,093.00","12,564.00","13,173.00","11,572.00",36.06K,-3.66%
11-Jul-19,"11,340.00","12,092.00","12,092.00","11,006.00",21.60K,-6.23%
12-Jul-19,"11,765.00","11,327.00","11,900.00","11,100.00",12.25K,3.75%
13-Jul-19,"11,312.00","11,779.00","11,803.00","10,806.00",14.72K,-3.85%
14-Jul-19,"10,206.80","11,324.00","11,390.00","10,125.00",22.49K,-9.77%
15-Jul-19,"10,820.00","10,193.00","11,043.00","9,920.60",21.44K,6.01%
16-Jul-19,"9,410.00","10,813.00","10,991.00","9,378.00",26.18K,-13.03%
17-Jul-19,"9,683.20","9,418.40","9,963.10","9,090.00",23.12K,2.90%
18-Jul-19,"10,622.00","9,691.20","10,750.00","9,271.60",28.83K,9.70%
19-Jul-19,"10,519.00","10,624.00","10,759.00","10,132.70",13.16K,-0.97%
20-Jul-19,"10,740.00","10,517.60","11,085.00","10,402.00",12.13K,2.10%
21-Jul-19,"10,569.40","10,741.00","10,811.00","10,300.00",8.25K,-1.59%
22-Jul-19,"10,329.00","10,572.00","10,667.00","10,094.00",10.90K,-2.27%
23-Jul-19,"9,854.90","10,330.00","10,330.00","9,824.50",9.77K,-4.59%
24-Jul-19,"9,771.00","9,859.00","9,917.70","9,541.90",11.57K,-0.85%
25-Jul-19,"9,890.10","9,772.00","10,180.00","9,735.00",9.22K,1.22%
26-Jul-19,"9,842.50","9,888.00","9,899.00","9,672.00",5.12K,-0.48%
27-Jul-19,"9,465.70","9,840.30","10,189.00","9,300.30",11.77K,-3.83%
28-Jul-19,"9,519.00","9,463.10","9,604.20","9,112.30",7.75K,0.56%
29-Jul-19,"9,507.00","9,530.00","9,690.00","9,396.60",5.70K,-0.13%
30-Jul-19,"9,589.00","9,503.50","9,736.00","9,401.60",5.19K,0.86%
31-Jul-19,"10,088.00","9,588.90","10,099.00","9,575.50",7.94K,5.20%
1-Aug-19,"10,399.00","10,096.00","10,500.00","9,899.90",7.78K,3.08%
2-Aug-19,"10,519.00","10,400.00","10,648.30","10,345.00",8.44K,1.15%
3-Aug-19,"10,822.00","10,520.00","10,910.00","10,506.00",7.42K,2.88%
4-Aug-19,"10,973.00","10,822.00","11,060.00","10,595.00",9.28K,1.40%
5-Aug-19,"11,808.00","10,974.00","11,938.00","10,973.00",16.13K,7.61%
6-Aug-19,"11,471.20","11,824.00","12,307.00","11,268.00",19.34K,-2.85%
7-Aug-19,"11,997.00","11,472.00","12,122.00","11,386.00",13.66K,4.58%
8-Aug-19,"12,060.00","11,999.00","12,126.00","11,570.00",10.97K,0.53%
9-Aug-19,"11,893.00","12,051.00","12,092.70","11,711.00",7.81K,-1.38%
10-Aug-19,"11,314.00","11,892.00","12,003.00","11,263.00",9.02K,-4.87%
11-Aug-19,"11,586.00","11,308.00","11,594.00","11,158.00",5.44K,2.40%
12-Aug-19,"11,404.00","11,577.00","11,578.80","11,272.00",3.20K,-1.57%
13-Aug-19,"10,904.00","11,411.00","11,468.00","10,801.00",9.00K,-4.38%
14-Aug-19,"10,067.00","10,904.00","10,909.00","9,980.00",14.51K,-7.68%
15-Aug-19,"10,327.00","10,067.00","10,470.00","9,522.50",17.37K,2.58%
16-Aug-19,"10,366.00","10,324.00","10,568.00","9,783.40",12.89K,0.38%
17-Aug-19,"10,228.00","10,372.00","10,487.00","10,004.10",4.89K,-1.33%
18-Aug-19,"10,327.00","10,230.00","10,529.00","10,086.00",3.90K,0.97%
19-Aug-19,"10,937.00","10,329.00","10,960.00","10,280.00",7.38K,5.91%
20-Aug-19,"10,793.00","10,947.00","10,986.00","10,588.00",5.83K,-1.32%
21-Aug-19,"10,146.00","10,795.00","10,825.00","9,880.00",11.79K,-5.99%
22-Aug-19,"10,117.00","10,147.00","10,247.00","9,790.00",6.53K,-0.29%
23-Aug-19,"10,408.00","10,117.00","10,461.00","10,063.00",6.39K,2.88%
24-Aug-19,"10,152.00","10,414.00","10,427.00","9,900.00",5.41K,-2.46%
25-Aug-19,"10,132.00","10,162.00","10,349.00","9,881.10",5.21K,-0.20%
26-Aug-19,"10,377.00","10,144.00","10,654.00","10,144.00",8.98K,2.42%
27-Aug-19,"10,184.00","10,376.20","10,392.00","10,036.90",4.52K,-1.86%
28-Aug-19,"9,727.40","10,190.00","10,303.00","9,585.30",10.41K,-4.48%
29-Aug-19,"9,509.00","9,727.30","9,727.30","9,360.40",7.08K,-2.25%
30-Aug-19,"9,601.00","9,509.40","9,710.00","9,384.30",3.75K,0.97%
31-Aug-19,"9,623.90","9,600.70","9,710.20","9,472.10",2.75K,0.24%
1-Sep-19,"9,779.10","9,623.90","9,858.00","9,560.10",2.87K,1.61%
2-Sep-19,"10,388.00","9,783.00","10,473.00","9,754.90",11.14K,6.23%
3-Sep-19,"10,641.00","10,401.00","10,766.00","10,300.00",10.74K,2.44%
4-Sep-19,"10,590.00","10,642.00","10,841.20","10,411.00",6.25K,-0.48%
5-Sep-19,"10,578.70","10,593.00","10,663.00","10,483.00",3.01K,-0.11%
6-Sep-19,"10,317.00","10,582.90","10,933.00","10,218.00",11.28K,-2.47%
7-Sep-19,"10,488.00","10,305.00","10,581.00","10,305.00",3.38K,1.66%
8-Sep-19,"10,415.00","10,489.00","10,599.00","10,257.00",3.51K,-0.70%
9-Sep-19,"10,318.00","10,417.00","10,542.00","10,118.60",5.20K,-0.93%
10-Sep-19,"10,122.00","10,317.00","10,399.00","9,961.70",4.21K,-1.90%
11-Sep-19,"10,175.00","10,121.00","10,297.00","9,866.50",4.35K,0.52%
12-Sep-19,"10,452.00","10,174.20","10,488.00","10,065.10",4.40K,2.72%
13-Sep-19,"10,374.00","10,452.00","10,475.00","10,170.00",4.50K,-0.75%
14-Sep-19,"10,379.00","10,374.00","10,478.00","10,256.00",3.16K,0.05%
15-Sep-19,"10,322.00","10,381.00","10,402.00","10,287.00",1.88K,-0.55%
16-Sep-19,"10,295.00","10,321.00","10,399.00","10,100.00",5.52K,-0.26%
17-Sep-19,"10,214.10","10,290.00","10,308.00","10,171.00",2.94K,-0.79%
18-Sep-19,"10,185.00","10,214.10","10,278.00","10,111.00",3.34K,-0.28%
19-Sep-19,"10,301.00","10,185.00","10,417.00","9,655.00",9.77K,1.14%
20-Sep-19,"10,198.00","10,303.00","10,340.00","10,105.00",2.51K,-1.00%
21-Sep-19,"10,013.00","10,197.00","10,199.00","9,958.10",2.98K,-1.81%
22-Sep-19,"10,052.00","10,012.00","10,105.00","9,881.40",2.75K,0.39%
23-Sep-19,"9,702.60","10,055.00","10,077.00","9,627.50",5.49K,-3.48%
24-Sep-19,"8,547.90","9,702.60","9,788.10","8,110.10",34.87K,-11.90%
25-Sep-19,"8,474.70","8,535.00","8,770.00","8,266.10",12.77K,-0.86%
26-Sep-19,"8,103.60","8,475.30","8,489.90","7,800.10",15.42K,-4.38%
27-Sep-19,"8,213.40","8,105.90","8,296.50","7,906.30",7.47K,1.35%
28-Sep-19,"8,238.60","8,215.30","8,354.70","8,047.90",5.45K,0.31%
29-Sep-19,"8,090.00","8,238.20","8,260.20","7,930.70",6.14K,-1.80%
30-Sep-19,"8,331.10","8,090.10","8,384.00","7,753.00",10.92K,2.98%
1-Oct-19,"8,334.90","8,331.10","8,539.00","8,228.00",5.84K,0.05%
2-Oct-19,"8,413.40","8,333.70","8,419.90","8,193.50",3.45K,0.94%
3-Oct-19,"8,257.90","8,414.90","8,440.00","8,100.70",3.72K,-1.85%
4-Oct-19,"8,170.00","8,260.50","8,264.90","8,040.00",3.05K,-1.06%
5-Oct-19,"8,162.50","8,170.10","8,210.70","8,040.00",3.33K,-0.09%
6-Oct-19,"7,883.10","8,162.50","8,183.10","7,807.10",5.85K,-3.42%
7-Oct-19,"8,227.00","7,886.20","8,342.00","7,794.90",8.15K,4.36%
8-Oct-19,"8,211.20","8,234.60","8,362.00","8,132.80",3.47K,-0.19%
9-Oct-19,"8,607.50","8,205.00","8,717.90","8,146.60",8.39K,4.83%
10-Oct-19,"8,596.00","8,610.40","8,682.80","8,472.00",4.32K,-0.13%
11-Oct-19,"8,280.00","8,596.00","8,815.20","8,253.00",6.08K,-3.68%
12-Oct-19,"8,318.30","8,278.20","8,421.00","8,272.50",1.71K,0.46%
13-Oct-19,"8,305.70","8,319.60","8,477.40","8,179.30",4.04K,-0.15%
14-Oct-19,"8,370.00","8,304.90","8,423.50","8,230.10",2.54K,0.77%
15-Oct-19,"8,191.10","8,370.00","8,433.70","8,123.60",3.28K,-2.14%
16-Oct-19,"8,016.00","8,191.00","8,203.20","7,960.00",7.08K,-2.14%
17-Oct-19,"8,092.30","8,016.10","8,144.90","7,949.30",2.81K,0.95%
18-Oct-19,"7,987.20","8,092.40","8,135.10","7,860.00",5.30K,-1.30%
19-Oct-19,"7,992.90","7,987.30","8,117.00","7,927.00",3.51K,0.07%
20-Oct-19,"8,260.60","7,993.00","8,335.60","7,922.00",4.87K,3.35%
21-Oct-19,"8,243.90","8,260.70","8,371.30","8,181.80",3.41K,-0.20%
22-Oct-19,"8,058.90","8,242.20","8,332.20","8,037.10",3.85K,-2.24%
23-Oct-19,"7,493.70","8,053.70","8,074.50","7,341.50",12.98K,-7.01%
24-Oct-19,"7,453.00","7,493.60","7,529.00","7,372.00",5.80K,-0.54%
25-Oct-19,"8,679.10","7,453.00","8,800.00","7,426.00",17.10K,16.45%
26-Oct-19,"9,270.90","8,679.30","10,464.10","8,662.90",32.06K,6.82%
27-Oct-19,"9,571.80","9,270.90","9,815.60","9,121.60",11.11K,3.25%
28-Oct-19,"9,225.70","9,574.10","9,948.00","9,216.80",8.99K,-3.62%
29-Oct-19,"9,445.50","9,229.20","9,558.30","9,101.30",6.73K,2.38%
30-Oct-19,"9,184.30","9,445.50","9,446.90","9,035.00",5.05K,-2.77%
31-Oct-19,"9,185.60","9,184.40","9,460.70","8,984.80",5.67K,0.01%
1-Nov-19,"9,289.10","9,185.60","9,332.10","9,087.40",4.09K,1.13%
2-Nov-19,"9,332.10","9,288.40","9,429.40","9,251.80",3.66K,0.46%
3-Nov-19,"9,222.40","9,332.20","9,400.60","9,100.00",3.62K,-1.18%
4-Nov-19,"9,441.20","9,223.00","9,621.80","9,152.00",7.47K,2.37%
5-Nov-19,"9,333.90","9,440.00","9,504.10","9,200.00",3.41K,-1.14%
6-Nov-19,"9,353.00","9,334.00","9,475.00","9,278.00",3.47K,0.20%
7-Nov-19,"9,208.00","9,355.00","9,387.10","9,086.50",3.75K,-1.55%
8-Nov-19,"8,782.40","9,209.20","9,252.40","8,688.10",7.86K,-4.62%
9-Nov-19,"8,828.00","8,782.30","8,891.40","8,735.90",1.96K,0.52%
10-Nov-19,"9,068.40","8,827.10","9,156.90","8,764.00",4.64K,2.72%
11-Nov-19,"8,737.70","9,069.70","9,107.30","8,633.40",4.24K,-3.65%
12-Nov-19,"8,830.00","8,737.70","8,891.50","8,602.10",3.50K,1.06%
13-Nov-19,"8,801.10","8,830.00","8,849.30","8,730.30",1.34K,-0.33%
14-Nov-19,"8,655.70","8,800.90","8,817.40","8,601.40",3.30K,-1.65%
15-Nov-19,"8,495.80","8,655.50","8,798.10","8,420.20",5.18K,-1.85%
16-Nov-19,"8,523.50","8,494.80","8,553.10","8,442.70",1.53K,0.33%
17-Nov-19,"8,537.30","8,523.40","8,662.90","8,422.00",2.84K,0.16%
18-Nov-19,"8,219.50","8,536.70","8,536.80","8,119.00",6.36K,-3.72%
19-Nov-19,"8,164.90","8,219.50","8,241.90","8,055.20",3.70K,-0.66%
20-Nov-19,"8,126.40","8,164.90","8,255.00","8,081.00",2.06K,-0.47%
21-Nov-19,"7,671.10","8,126.40","8,155.90","7,510.10",9.89K,-5.60%
22-Nov-19,"7,323.00","7,672.50","7,763.30","6,820.10",19.37K,-4.54%
23-Nov-19,"7,352.60","7,318.60","7,385.00","7,141.00",4.63K,0.40%
24-Nov-19,"6,965.30","7,352.70","7,372.00","6,922.00",8.58K,-5.27%
25-Nov-19,"7,168.00","6,965.20","7,413.60","6,619.40",18.52K,2.91%
26-Nov-19,"7,198.30","7,162.80","7,384.70","7,061.20",5.20K,0.42%
27-Nov-19,"7,549.30","7,198.30","7,689.00","6,880.00",13.90K,4.88%
28-Nov-19,"7,460.80","7,547.30","7,683.00","7,415.00",4.34K,-1.17%
29-Nov-19,"7,796.60","7,460.70","7,916.30","7,450.00",7.28K,4.50%
30-Nov-19,"7,599.90","7,796.50","7,849.60","7,495.00",4.97K,-2.52%
1-Dec-19,"7,450.10","7,599.90","7,600.10","7,288.70",6.33K,-1.97%
2-Dec-19,"7,350.30","7,450.10","7,467.30","7,209.40",4.63K,-1.34%
3-Dec-19,"7,336.00","7,350.20","7,453.50","7,288.00",2.30K,-0.19%
4-Dec-19,"7,238.20","7,336.90","7,887.70","7,134.10",11.72K,-1.33%
5-Dec-19,"7,440.00","7,239.30","7,522.80","7,193.70",4.79K,2.79%
6-Dec-19,"7,588.30","7,439.90","7,648.60","7,350.10",5.71K,1.99%
7-Dec-19,"7,543.20","7,584.70","7,665.10","7,520.10",1.72K,-0.59%
8-Dec-19,"7,564.60","7,543.20","7,620.00","7,433.60",4.30K,0.28%
9-Dec-19,"7,379.50","7,563.80","7,701.10","7,309.10",6.56K,-2.45%
10-Dec-19,"7,254.60","7,373.80","7,433.00","7,207.50",3.64K,-1.69%
11-Dec-19,"7,230.70","7,254.70","7,296.20","7,170.10",3.12K,-0.33%
12-Dec-19,"7,224.00","7,231.20","7,325.60","7,133.80",5.64K,-0.09%
13-Dec-19,"7,283.20","7,224.10","7,331.90","7,218.70",2.90K,0.82%
14-Dec-19,"7,100.80","7,283.10","7,290.50","7,038.50",3.41K,-2.50%
15-Dec-19,"7,152.70","7,100.80","7,218.60","7,046.60",3.53K,0.73%
16-Dec-19,"6,926.80","7,152.70","7,189.90","6,900.00",13.42K,-3.16%
17-Dec-19,"6,667.10","6,926.60","6,972.00","6,624.30",12.66K,-3.75%
18-Dec-19,"7,323.40","6,667.10","7,480.20","6,479.40",13.75K,9.84%
19-Dec-19,"7,181.80","7,326.90","7,412.50","7,089.10",5.43K,-1.93%
20-Dec-19,"7,212.90","7,181.80","7,249.00","7,116.80",5.70K,0.43%
21-Dec-19,"7,166.40","7,213.00","7,215.10","7,145.20",2.28K,-0.65%
22-Dec-19,"7,532.00","7,166.30","7,541.30","7,159.60",3.62K,5.10%
23-Dec-19,"7,347.40","7,538.90","7,715.00","7,283.10",7.08K,-2.45%
24-Dec-19,"7,276.90","7,346.20","7,445.00","7,182.90",4.25K,-0.96%
25-Dec-19,"7,220.10","7,270.00","7,287.40","7,144.80",3.36K,-0.78%
26-Dec-19,"7,232.40","7,220.10","7,464.30","7,189.00",4.72K,0.17%
27-Dec-19,"7,287.00","7,235.30","7,300.00","7,114.10",4.00K,0.75%
28-Dec-19,"7,334.40","7,293.60","7,389.90","7,280.50",2.73K,0.65%
29-Dec-19,"7,417.90","7,333.20","7,551.60","7,311.80",2.49K,1.14%
30-Dec-19,"7,260.90","7,413.00","7,421.60","7,217.70",4.09K,-2.12%
31-Dec-19,"7,208.30","7,261.00","7,333.00","7,161.30",2.99K,-0.72%
1-Jan-20,"7,212.70","7,208.20","7,268.80","7,185.40",2.07K,0.06%
2-Jan-20,"6,989.40","7,212.70","7,225.20","6,963.00",4.85K,-3.10%
3-Jan-20,"7,367.50","6,989.40","7,437.60","6,909.30",6.68K,5.41%
4-Jan-20,"7,369.80","7,371.80","7,422.00","7,297.70",4.27K,0.03%
5-Jan-20,"7,364.60","7,370.30","7,509.90","7,315.80",4.45K,-0.07%
6-Jan-20,"7,757.90","7,364.70","7,784.90","7,358.00",8.54K,5.34%
7-Jan-20,"8,150.00","7,759.50","8,200.10","7,741.90",12.35K,5.05%
8-Jan-20,"8,036.80","8,158.20","8,442.00","7,882.80",11.76K,-1.39%
9-Jan-20,"7,817.50","8,036.80","8,036.80","7,756.20",4.67K,-2.73%
10-Jan-20,"8,176.30","7,817.40","8,177.80","7,678.50",7.86K,4.59%
11-Jan-20,"8,013.80","8,184.30","8,271.90","7,994.60",4.25K,-1.99%
12-Jan-20,"8,174.70","8,013.60","8,174.70","7,951.70",3.21K,2.01%
13-Jan-20,"8,094.50","8,174.90","8,198.30","8,053.60",2.59K,-0.98%
14-Jan-20,"8,775.60","8,104.10","8,829.00","8,099.30",16.57K,8.41%
15-Jan-20,"8,807.70","8,760.80","8,873.00","8,560.20",8.78K,0.37%
16-Jan-20,"8,720.60","8,810.90","8,839.90","8,579.80",5.31K,-0.99%
17-Jan-20,"8,875.40","8,719.50","8,994.90","8,674.20",9.69K,1.78%
18-Jan-20,"8,891.50","8,873.10","8,965.00","8,794.20",3.46K,0.18%
19-Jan-20,"8,694.00","8,891.60","9,169.50","8,455.70",12.41K,-2.22%
20-Jan-20,"8,638.20","8,698.60","8,741.10","8,519.60",4.11K,-0.64%
21-Jan-20,"8,734.10","8,638.20","8,782.80","8,512.20",3.25K,1.11%
22-Jan-20,"8,663.90","8,734.20","8,799.90","8,580.60",2.35K,-0.80%
23-Jan-20,"8,403.50","8,668.90","8,669.30","8,296.90",5.70K,-3.01%
24-Jan-20,"8,447.10","8,403.60","8,521.80","8,247.70",3.51K,0.52%
25-Jan-20,"8,353.70","8,447.10","8,447.20","8,280.00",2.10K,-1.11%
26-Jan-20,"8,621.60","8,351.10","8,622.00","8,303.60",3.52K,3.21%
27-Jan-20,"8,912.00","8,622.00","9,001.80","8,585.20",6.28K,3.37%
28-Jan-20,"9,393.70","8,912.10","9,413.00","8,912.10",9.12K,5.41%
29-Jan-20,"9,304.20","9,390.90","9,442.00","9,244.40",4.60K,-0.95%
30-Jan-20,"9,512.70","9,305.10","9,550.00","9,175.70",9.02K,2.24%
31-Jan-20,"9,367.40","9,512.70","9,519.90","9,221.90",4.87K,-1.53%
1-Feb-20,"9,410.60","9,371.30","9,476.40","9,318.10",2.53K,0.46%
2-Feb-20,"9,353.10","9,408.00","9,501.00","9,175.40",6.44K,-0.61%
3-Feb-20,"9,309.30","9,353.10","9,625.30","9,247.10",6.72K,-0.47%
4-Feb-20,"9,197.40","9,309.20","9,359.80","9,112.50",4.07K,-1.20%
5-Feb-20,"9,612.00","9,197.50","9,731.20","9,180.20",10.77K,4.51%
6-Feb-20,"9,744.90","9,612.00","9,860.00","9,547.00",8.58K,1.38%
7-Feb-20,"9,805.20","9,745.00","9,859.60","9,695.50",3.70K,0.62%
8-Feb-20,"9,877.20","9,805.20","9,920.70","9,657.80",5.53K,0.73%
9-Feb-20,"10,151.00","9,877.30","10,161.00","9,871.10",9.64K,2.77%
10-Feb-20,"9,850.20","10,151.50","10,187.00","9,737.80",8.52K,-2.96%
11-Feb-20,"10,247.00","9,851.20","10,316.00","9,720.00",8.45K,4.03%
12-Feb-20,"10,339.00","10,249.00","10,458.00","10,238.00",8.71K,0.90%
13-Feb-20,"10,222.00","10,338.00","10,489.00","10,080.00",8.98K,-1.13%
14-Feb-20,"10,335.00","10,222.00","10,371.00","10,101.00",4.13K,1.11%
15-Feb-20,"9,901.00","10,335.00","10,370.00","9,800.30",6.40K,-4.20%
16-Feb-20,"9,929.70","9,901.00","10,037.00","9,651.40",6.93K,0.29%
17-Feb-20,"9,708.00","9,929.70","9,963.80","9,501.50",9.30K,-2.23%
18-Feb-20,"10,183.00","9,708.00","10,275.00","9,625.90",8.25K,4.89%
19-Feb-20,"9,592.20","10,184.00","10,309.00","9,350.30",13.94K,-5.80%
20-Feb-20,"9,608.10","9,586.20","9,694.70","9,362.40",6.50K,0.17%
21-Feb-20,"9,693.50","9,609.20","9,757.40","9,567.90",11.10K,0.89%
22-Feb-20,"9,662.40","9,693.00","9,714.00","9,565.20",1.84K,-0.32%
23-Feb-20,"9,985.00","9,663.00","10,001.00","9,660.20",7.30K,3.34%
24-Feb-20,"9,674.10","9,983.80","10,022.00","9,484.30",6.59K,-3.11%
25-Feb-20,"9,327.50","9,674.00","9,686.60","9,251.40",8.49K,-3.58%
26-Feb-20,"8,813.20","9,324.80","9,385.90","8,652.70",14.59K,-5.51%
27-Feb-20,"8,825.80","8,813.20","8,975.00","8,555.00",8.39K,0.14%
28-Feb-20,"8,728.00","8,826.10","8,908.30","8,455.20",7.09K,-1.11%
29-Feb-20,"8,557.30","8,730.60","8,820.90","8,557.30",2.50K,-1.96%
1-Mar-20,"8,565.20","8,561.50","8,775.00","8,460.00",5.39K,0.09%
2-Mar-20,"8,938.10","8,556.80","8,990.80","8,524.60",5.32K,4.35%
3-Mar-20,"8,791.10","8,938.50","8,940.00","8,700.00",5.32K,-1.64%
4-Mar-20,"8,788.60","8,791.10","8,877.70","8,718.40",4.17K,-0.03%
5-Mar-20,"9,090.80","8,795.30","9,185.00","8,795.30",5.72K,3.44%
6-Mar-20,"9,180.60","9,085.60","9,199.70","9,016.10",3.14K,0.99%
7-Mar-20,"8,919.00","9,180.60","9,231.10","8,884.80",4.49K,-2.85%
8-Mar-20,"8,074.00","8,917.20","8,917.20","8,049.50",25.59K,-9.47%
9-Mar-20,"7,967.30","8,073.80","8,214.90","7,700.00",22.56K,-1.32%
10-Mar-20,"7,913.80","7,965.50","8,180.00","7,779.00",10.17K,-0.67%
11-Mar-20,"7,969.60","7,917.90","8,020.60","7,635.10",10.98K,0.71%
12-Mar-20,"4,927.00","7,975.30","8,001.70","4,612.10",116.68K,-38.18%
13-Mar-20,"5,625.40","4,873.10","5,965.30","4,001.00",102.82K,14.17%
14-Mar-20,"5,218.20","5,621.80","5,673.20","5,099.00",18.64K,-7.24%
15-Mar-20,"5,383.20","5,217.10","5,984.20","5,133.00",22.62K,3.16%
16-Mar-20,"5,058.50","5,381.90","5,381.90","4,468.00",41.78K,-6.03%
17-Mar-20,"5,345.20","5,068.30","5,564.20","4,964.40",19.60K,5.67%
18-Mar-20,"5,416.20","5,339.00","5,452.70","5,033.90",21.13K,1.33%
19-Mar-20,"6,173.40","5,417.10","6,412.60","5,266.40",31.25K,13.98%
20-Mar-20,"6,205.80","6,173.50","6,897.00","5,687.60",31.08K,0.52%
21-Mar-20,"6,201.80","6,211.10","6,461.00","5,884.70",12.94K,-0.06%
22-Mar-20,"5,827.00","6,202.70","6,410.60","5,757.30",16.28K,-6.04%
23-Mar-20,"6,491.20","5,820.10","6,652.40","5,682.70",19.55K,11.40%
24-Mar-20,"6,762.00","6,491.20","6,838.50","6,406.10",16.62K,4.17%
25-Mar-20,"6,688.20","6,762.00","6,968.00","6,449.90",13.79K,-1.09%
26-Mar-20,"6,750.70","6,688.20","6,790.10","6,536.90",6.73K,0.93%
27-Mar-20,"6,370.00","6,755.00","6,856.00","6,277.80",11.08K,-5.64%
28-Mar-20,"6,249.30","6,366.00","6,366.00","6,061.40",12.96K,-1.89%
29-Mar-20,"5,892.60","6,252.30","6,279.60","5,892.60",11.22K,-5.71%
30-Mar-20,"6,407.60","5,893.70","6,627.10","5,880.90",12.38K,8.74%
31-Mar-20,"6,427.70","6,409.10","6,536.00","6,350.00",5.75K,0.31%
1-Apr-20,"6,675.00","6,429.00","6,714.60","6,180.00",11.23K,3.85%
2-Apr-20,"6,818.30","6,685.70","7,263.30","6,591.30",20.08K,2.15%
3-Apr-20,"6,740.80","6,810.70","7,048.10","6,624.60",9.97K,-1.14%
4-Apr-20,"6,881.60","6,738.50","7,010.80","6,660.00",7.12K,2.09%
5-Apr-20,"6,778.00","6,880.60","6,914.70","6,693.40",5.65K,-1.51%
6-Apr-20,"7,346.00","6,780.20","7,350.10","6,779.90",14.59K,8.38%
7-Apr-20,"7,203.00","7,340.20","7,452.00","7,088.00",11.99K,-1.95%
8-Apr-20,"7,367.00","7,203.00","7,420.00","7,155.80",8.18K,2.28%
9-Apr-20,"7,293.50","7,367.10","7,370.70","7,117.00",7.75K,-1.00%
10-Apr-20,"6,875.50","7,293.70","7,305.80","6,756.40",15.84K,-5.73%
11-Apr-20,"6,884.50","6,874.30","6,954.40","6,780.00",4.07K,0.13%
12-Apr-20,"6,913.00","6,884.50","7,192.20","6,797.60",8.89K,0.41%
13-Apr-20,"6,848.70","6,916.50","6,916.50","6,576.50",12.68K,-0.93%
14-Apr-20,"6,872.40","6,847.90","6,984.90","6,762.90",4.30K,0.35%
15-Apr-20,"6,633.80","6,874.00","6,938.40","6,621.30",6.01K,-3.47%
16-Apr-20,"7,114.90","6,629.10","7,200.00","6,500.40",17.75K,7.25%
17-Apr-20,"7,045.80","7,114.70","7,158.90","7,013.40",4.68K,-0.97%
18-Apr-20,"7,269.10","7,045.90","7,300.10","7,044.90",5.20K,3.17%
19-Apr-20,"7,133.30","7,268.80","7,285.40","7,058.70",4.74K,-1.87%
20-Apr-20,"6,841.90","7,133.40","7,235.00","6,767.10",9.96K,-4.09%
21-Apr-20,"6,850.00","6,835.00","6,955.60","6,770.70",6.46K,0.12%
22-Apr-20,"7,133.00","6,849.90","7,164.00","6,826.20",5.15K,4.13%
23-Apr-20,"7,495.20","7,133.30","7,744.90","7,047.40",16.38K,5.08%
24-Apr-20,"7,506.80","7,499.00","7,614.00","7,428.30",8.80K,0.15%
25-Apr-20,"7,538.50","7,508.40","7,700.00","7,450.10",5.17K,0.42%
26-Apr-20,"7,697.10","7,538.50","7,697.10","7,487.00",5.32K,2.10%
27-Apr-20,"7,777.70","7,698.00","7,777.70","7,623.40",6.90K,1.05%
28-Apr-20,"7,755.80","7,777.60","7,777.70","7,658.60",5.62K,-0.28%
29-Apr-20,"8,773.30","7,750.70","8,918.00","7,706.10",30.21K,13.12%
30-Apr-20,"8,635.30","8,773.80","9,438.80","8,416.00",29.83K,-1.57%
1-May-20,"8,822.90","8,630.80","9,069.90","8,630.80",7.92K,2.17%
2-May-20,"8,982.30","8,822.90","8,999.00","8,763.00",5.09K,1.81%
3-May-20,"8,899.80","8,982.30","9,198.00","8,738.50",9.72K,-0.92%
4-May-20,"8,865.80","8,901.60","8,959.00","8,535.00",9.32K,-0.38%
5-May-20,"9,020.10","8,871.20","9,119.80","8,770.90",7.71K,1.74%
6-May-20,"9,157.90","9,020.00","9,415.10","8,918.30",8.73K,1.53%
7-May-20,"9,979.60","9,150.40","10,045.00","9,050.00",19.87K,8.97%
8-May-20,"9,792.80","9,991.00","10,025.00","9,713.80",12.20K,-1.87%
9-May-20,"9,537.90","9,792.20","9,900.00","9,499.00",8.26K,-2.60%
10-May-20,"8,726.00","9,537.70","9,557.50","8,107.40",26.50K,-8.51%
11-May-20,"8,555.00","8,726.00","9,135.80","8,211.10",20.56K,-1.96%
12-May-20,"8,811.40","8,555.00","8,967.00","8,526.60",5.65K,3.00%
13-May-20,"9,312.00","8,811.40","9,403.20","8,799.50",9.89K,5.68%
14-May-20,"9,791.00","9,312.00","9,937.80","9,267.50",12.87K,5.14%
15-May-20,"9,313.30","9,791.00","9,836.50","9,133.60",11.34K,-4.88%
16-May-20,"9,388.00","9,313.30","9,580.00","9,224.00",4.16K,0.80%
17-May-20,"9,668.20","9,388.00","9,877.70","9,334.20",9.66K,2.98%
18-May-20,"9,714.80","9,668.20","9,941.10","9,462.40",9.20K,0.48%
19-May-20,"9,770.10","9,714.80","9,877.50","9,470.20",5.59K,0.57%
20-May-20,"9,502.00","9,770.10","9,840.60","9,305.10",9.60K,-2.74%
21-May-20,"9,059.50","9,502.00","9,564.00","8,821.40",11.34K,-4.66%
22-May-20,"9,162.40","9,059.50","9,257.30","8,935.50",3.83K,1.14%
23-May-20,"9,174.60","9,162.40","9,304.00","9,088.60",2.45K,0.13%
24-May-20,"8,711.50","9,174.60","9,300.00","8,700.00",6.73K,-5.05%
25-May-20,"8,902.00","8,711.50","8,960.80","8,628.60",5.61K,2.19%
26-May-20,"8,845.50","8,902.00","9,013.30","8,705.00",3.94K,-0.63%
27-May-20,"9,210.30","8,845.50","9,225.00","8,822.80",5.46K,4.12%
28-May-20,"9,589.30","9,210.30","9,629.60","9,121.70",7.63K,4.11%
29-May-20,"9,426.20","9,589.30","9,618.50","9,352.30",3.88K,-1.70%
30-May-20,"9,706.40","9,426.20","9,742.00","9,338.00",6.16K,2.97%
31-May-20,"9,452.10","9,706.40","9,707.20","9,402.60",3.69K,-2.62%
1-Jun-20,"10,221.00","9,452.10","10,390.00","9,421.80",13.43K,8.13%
2-Jun-20,"9,530.00","10,221.00","10,242.00","9,197.40",21.47K,-6.76%
3-Jun-20,"9,672.00","9,530.00","9,684.00","9,400.00",2.66K,1.49%
4-Jun-20,"9,790.70","9,672.00","9,882.10","9,477.00",4.28K,1.23%
5-Jun-20,"9,620.50","9,790.70","9,861.80","9,620.50",3.62K,-1.74%
6-Jun-20,"9,668.40","9,620.40","9,733.00","9,552.60",1.95K,0.50%
7-Jun-20,"9,746.30","9,668.40","9,814.00","9,402.30",4.71K,0.81%
8-Jun-20,"9,783.20","9,747.10","9,800.00","9,650.40",2.36K,0.38%
9-Jun-20,"9,770.80","9,784.40","9,875.90","9,582.10",3.40K,-0.13%
10-Jun-20,"9,898.80","9,771.90","10,004.00","9,699.30",4.46K,1.31%
11-Jun-20,"9,272.20","9,898.80","9,972.80","9,088.60",15.78K,-6.33%
12-Jun-20,"9,468.30","9,272.20","9,544.00","9,246.00",5.05K,2.11%
13-Jun-20,"9,480.80","9,468.30","9,498.20","9,363.60",1.85K,0.13%
14-Jun-20,"9,345.40","9,480.90","9,486.00","9,262.00",2.69K,-1.43%
15-Jun-20,"9,433.90","9,344.80","9,510.00","8,914.90",10.16K,0.95%
16-Jun-20,"9,534.40","9,435.00","9,589.90","9,388.10",3.44K,1.07%
17-Jun-20,"9,473.30","9,534.40","9,566.00","9,261.30",3.14K,-0.64%
18-Jun-20,"9,400.00","9,473.30","9,496.40","9,287.20",1.66K,-0.77%
19-Jun-20,"9,315.50","9,400.00","9,439.90","9,241.80",2.62K,-0.90%
20-Jun-20,"9,371.30","9,315.50","9,401.00","9,178.60",1.87K,0.60%
21-Jun-20,"9,298.10","9,371.30","9,431.10","9,292.10",1.34K,-0.78%
22-Jun-20,"9,697.70","9,298.10","9,794.20","9,285.20",5.88K,4.30%
23-Jun-20,"9,635.10","9,697.70","9,724.00","9,594.70",3.42K,-0.65%
24-Jun-20,"9,312.10","9,635.10","9,684.10","9,222.30",5.52K,-3.35%
25-Jun-20,"9,257.00","9,312.10","9,344.00","9,012.70",5.55K,-0.59%
26-Jun-20,"9,173.10","9,257.00","9,299.00","9,054.10",3.69K,-0.91%
27-Jun-20,"9,015.30","9,173.10","9,199.50","8,857.30",3.37K,-1.72%
28-Jun-20,"9,127.80","9,015.30","9,193.20","8,949.40",2.11K,1.25%
29-Jun-20,"9,194.40","9,127.80","9,242.10","9,030.20",3.64K,0.73%
30-Jun-20,"9,150.60","9,194.40","9,206.50","9,077.10",1.83K,-0.48%
1-Jul-20,"9,239.90","9,150.60","9,298.00","9,109.50",2.19K,0.98%
2-Jul-20,"9,100.00","9,239.90","9,266.10","8,950.20",3.79K,-1.51%
3-Jul-20,"9,073.90","9,100.00","9,135.50","9,058.10",1.09K,-0.29%
4-Jul-20,"9,147.70","9,073.90","9,203.50","9,060.00",1.13K,0.81%
5-Jul-20,"9,089.70","9,147.70","9,152.30","9,004.90",2.08K,-0.63%
6-Jul-20,"9,361.00","9,089.70","9,361.00","9,080.10",4.26K,2.99%
7-Jul-20,"9,267.50","9,361.00","9,361.00","9,255.10",1.63K,-1.00%
8-Jul-20,"9,447.00","9,267.50","9,480.70","9,267.50",3.81K,1.94%
9-Jul-20,"9,248.90","9,447.00","9,447.00","9,215.00",3.71K,-2.10%
10-Jul-20,"9,305.70","9,248.90","9,305.70","9,161.90",1.42K,0.61%
11-Jul-20,"9,246.30","9,305.70","9,305.70","9,221.80",0.81K,-0.64%
12-Jul-20,"9,315.80","9,246.30","9,315.80","9,195.60",1.86K,0.75%
13-Jul-20,"9,252.00","9,315.80","9,344.80","9,238.10",1.93K,-0.68%
14-Jul-20,"9,263.40","9,252.00","9,270.70","9,194.80",2.20K,0.12%
15-Jul-20,"9,210.10","9,263.40","9,263.40","9,195.70",0.90K,-0.58%
16-Jul-20,"9,149.90","9,210.10","9,215.70","9,092.10",2.87K,-0.65%
17-Jul-20,"9,167.30","9,149.90","9,172.00","9,128.80",1.06K,0.19%
18-Jul-20,"9,189.10","9,167.30","9,200.10","9,142.90",1.17K,0.24%
19-Jul-20,"9,231.20","9,189.10","9,231.20","9,130.50",1.44K,0.46%
20-Jul-20,"9,179.20","9,231.20","9,231.20","9,169.70",1.40K,-0.56%
21-Jul-20,"9,402.00","9,179.20","9,434.00","9,179.20",5.40K,2.43%
22-Jul-20,"9,557.70","9,402.00","9,557.70","9,349.30",4.14K,1.66%
23-Jul-20,"9,615.00","9,557.70","9,642.90","9,494.60",4.70K,0.60%
24-Jul-20,"9,559.40","9,615.00","9,615.00","9,505.30",2.26K,-0.58%
25-Jul-20,"9,714.90","9,559.10","9,730.50","9,559.10",2.56K,1.63%
26-Jul-20,"9,948.10","9,714.90","10,008.00","9,685.80",8.94K,2.40%
27-Jul-20,"11,044.00","9,946.30","11,249.10","9,946.30",21.58K,11.02%
28-Jul-20,"10,932.00","11,044.00","11,211.80","10,761.00",9.88K,-1.01%
29-Jul-20,"11,117.00","10,932.00","11,240.00","10,929.20",8.82K,1.69%
30-Jul-20,"11,123.00","11,117.00","11,180.00","10,965.00",4.25K,0.05%
31-Jul-20,"11,350.00","11,123.00","11,378.00","11,038.00",5.83K,2.04%
1-Aug-20,"11,804.70","11,350.00","11,804.70","11,307.00",10.57K,4.01%
2-Aug-20,"11,053.80","11,804.70","11,917.00","11,032.00",13.22K,-6.36%
3-Aug-20,"11,226.50","11,053.80","11,389.00","11,053.80",4.09K,1.56%
4-Aug-20,"11,184.00","11,226.50","11,346.80","11,096.00",3.26K,-0.38%
5-Aug-20,"11,735.80","11,184.00","11,735.80","11,182.00",5.79K,4.93%
6-Aug-20,"11,759.00","11,735.80","11,858.00","11,649.70",3.90K,0.20%
7-Aug-20,"11,580.00","11,759.00","11,845.00","11,509.00",5.09K,-1.52%
8-Aug-20,"11,764.00","11,580.00","11,772.00","11,564.00",1.87K,1.59%
9-Aug-20,"11,675.70","11,764.00","11,782.00","11,572.00",1.57K,-0.75%
10-Aug-20,"11,892.00","11,675.70","12,024.00","11,675.70",6.57K,1.85%
11-Aug-20,"11,379.80","11,892.00","11,912.00","11,278.00",7.11K,-4.31%
12-Aug-20,"11,591.00","11,379.80","11,591.00","11,257.00",5.82K,1.86%
13-Aug-20,"11,792.50","11,589.00","11,792.50","11,388.00",5.78K,1.74%
14-Aug-20,"11,761.00","11,792.50","11,824.00","11,699.00",4.65K,-0.27%
15-Aug-20,"11,873.40","11,761.00","11,977.40","11,761.00",4.04K,0.96%
16-Aug-20,"11,925.00","11,873.40","11,925.00","11,781.00",2.71K,0.43%
17-Aug-20,"12,300.00","11,925.00","12,415.00","11,826.10",10.12K,3.14%
18-Aug-20,"11,961.80","12,300.00","12,359.00","11,927.20",7.18K,-2.75%
19-Aug-20,"11,778.00","11,961.80","12,004.00","11,694.60",6.29K,-1.54%
20-Aug-20,"11,884.00","11,778.00","11,900.00","11,719.00",2.73K,0.90%
21-Aug-20,"11,531.00","11,884.00","11,889.00","11,531.00",6.10K,-2.97%
22-Aug-20,"11,685.00","11,531.00","11,690.70","11,449.00",3.46K,1.34%
23-Aug-20,"11,663.00","11,685.00","11,692.60","11,551.00",1.93K,-0.19%
24-Aug-20,"11,768.00","11,663.00","11,817.90","11,616.80",1.99K,0.90%
25-Aug-20,"11,341.00","11,768.00","11,768.00","11,200.00",6.16K,-3.63%
26-Aug-20,"11,471.00","11,341.00","11,482.00","11,316.00",2.48K,1.15%
27-Aug-20,"11,343.00","11,471.10","11,471.10","11,254.00",4.81K,-1.12%
28-Aug-20,"11,545.00","11,343.00","11,545.00","11,343.00",2.02K,1.78%
29-Aug-20,"11,492.00","11,545.00","11,587.00","11,476.30",1.52K,-0.46%
30-Aug-20,"11,729.90","11,492.00","11,729.90","11,492.00",2.10K,2.07%
31-Aug-20,"11,671.00","11,729.90","11,734.00","11,639.10",2.24K,-0.50%
1-Sep-20,"11,942.00","11,671.00","12,037.00","11,616.00",5.02K,2.32%
2-Sep-20,"11,408.00","11,942.00","11,942.00","11,334.00",6.19K,-4.47%
3-Sep-20,"10,170.00","11,408.00","11,408.00","10,011.00",15.88K,-10.85%
4-Sep-20,"10,484.70","10,170.00","10,593.00","10,170.00",13.59K,3.09%
5-Sep-20,"10,197.00","10,484.70","10,517.70","10,046.20",8.51K,-2.74%
6-Sep-20,"10,276.00","10,196.90","10,325.00","10,122.00",2.76K,0.77%
7-Sep-20,"10,397.00","10,276.00","10,397.00","9,964.10",6.30K,1.18%
8-Sep-20,"10,149.80","10,397.00","10,397.00","10,007.00",6.76K,-2.38%
9-Sep-20,"10,240.00","10,149.80","10,324.00","10,030.00",2.41K,0.89%
10-Sep-20,"10,355.00","10,240.00","10,407.00","10,240.00",3.55K,1.12%
11-Sep-20,"10,405.00","10,355.00","10,405.00","10,220.00",2.47K,0.48%
12-Sep-20,"10,458.00","10,405.00","10,463.50","10,352.00",1.43K,0.51%
13-Sep-20,"10,331.00","10,458.00","10,560.00","10,244.00",4.04K,-1.21%
14-Sep-20,"10,686.00","10,331.00","10,754.00","10,331.00",3.68K,3.44%
15-Sep-20,"10,797.00","10,690.00","10,899.90","10,690.00",4.99K,1.04%
16-Sep-20,"10,971.30","10,797.00","11,091.00","10,690.90",4.80K,1.61%
17-Sep-20,"10,959.00","10,971.30","11,040.40","10,812.70",2.51K,-0.11%
18-Sep-20,"10,957.20","10,959.00","11,022.00","10,868.00",2.26K,-0.02%
19-Sep-20,"11,099.00","10,957.20","11,127.00","10,957.20",2.47K,1.29%
20-Sep-20,"10,934.50","11,099.00","11,099.00","10,848.20",1.82K,-1.48%
21-Sep-20,"10,434.00","10,934.50","10,980.90","10,434.00",6.01K,-4.58%
22-Sep-20,"10,549.00","10,435.00","10,589.00","10,435.00",2.41K,1.10%
23-Sep-20,"10,263.00","10,549.00","10,549.00","10,255.00",3.09K,-2.71%
24-Sep-20,"10,754.00","10,263.00","10,760.00","10,263.00",3.20K,4.78%
25-Sep-20,"10,708.00","10,754.00","10,765.00","10,629.00",2.35K,-0.43%
26-Sep-20,"10,750.00","10,708.00","10,776.90","10,700.70",0.94K,0.39%
27-Sep-20,"10,803.00","10,750.00","10,807.10","10,664.00",1.75K,0.49%
28-Sep-20,"10,712.00","10,803.00","10,941.00","10,712.00",3.79K,-0.84%
29-Sep-20,"10,856.00","10,712.00","10,856.00","10,697.00",1.79K,1.34%
30-Sep-20,"10,794.00","10,856.00","10,856.00","10,715.00",1.50K,-0.57%
1-Oct-20,"10,634.00","10,795.00","10,909.00","10,523.00",5.68K,-1.48%
2-Oct-20,"10,586.00","10,634.00","10,634.00","10,476.00",3.74K,-0.45%
3-Oct-20,"10,558.60","10,586.00","10,608.00","10,535.00",0.83K,-0.26%
4-Oct-20,"10,687.00","10,558.60","10,694.10","10,557.60",1.63K,1.22%
5-Oct-20,"10,807.00","10,687.00","10,807.00","10,669.00",1.78K,1.12%
6-Oct-20,"10,613.70","10,807.00","10,807.00","10,592.00",3.22K,-1.79%
7-Oct-20,"10,687.00","10,613.70","10,687.00","10,584.10",1.67K,0.69%
8-Oct-20,"10,943.00","10,687.00","10,943.00","10,577.00",3.64K,2.40%
9-Oct-20,"11,071.00","10,943.00","11,102.40","10,878.00",2.57K,1.17%
10-Oct-20,"11,308.00","11,071.00","11,450.00","11,071.00",4.17K,2.14%
11-Oct-20,"11,385.00","11,308.00","11,430.00","11,308.00",1.48K,0.68%
12-Oct-20,"11,560.00","11,385.00","11,698.90","11,284.00",6.37K,1.54%
13-Oct-20,"11,442.00","11,560.00","11,560.00","11,392.50",3.91K,-1.02%
14-Oct-20,"11,440.00","11,442.00","11,547.00","11,347.00",2.69K,-0.02%
15-Oct-20,"11,509.00","11,440.00","11,513.00","11,335.00",4.26K,0.60%
16-Oct-20,"11,325.00","11,509.00","11,540.00","11,268.20",3.46K,-1.60%
17-Oct-20,"11,375.00","11,325.00","11,375.00","11,325.00",1.04K,0.44%
18-Oct-20,"11,518.00","11,375.00","11,518.00","11,366.00",1.32K,1.26%
19-Oct-20,"11,757.00","11,518.00","11,764.00","11,451.00",3.77K,2.08%
20-Oct-20,"11,925.00","11,757.00","11,980.00","11,723.00",5.42K,1.43%
21-Oct-20,"12,825.00","11,925.00","13,099.00","11,925.00",15.40K,7.55%
22-Oct-20,"12,988.00","12,810.90","13,128.00","12,738.30",6.09K,1.27%
23-Oct-20,"12,935.00","12,988.00","12,999.00","12,757.00",2.90K,-0.41%
24-Oct-20,"13,132.00","12,935.00","13,166.00","12,905.00",1.97K,1.52%
25-Oct-20,"13,037.00","13,127.00","13,298.00","12,990.00",3.63K,-0.72%
26-Oct-20,"13,061.00","13,037.00","13,205.00","12,863.00",3.68K,0.18%
27-Oct-20,"13,626.30","13,061.00","13,703.50","13,061.00",8.98K,4.33%
28-Oct-20,"13,272.00","13,626.30","13,763.00","13,041.20",7.11K,-2.60%
29-Oct-20,"13,451.00","13,272.00","13,555.10","13,153.00",4.07K,1.35%
30-Oct-20,"13,568.00","13,451.00","13,642.20","13,250.00",4.66K,0.87%
31-Oct-20,"13,788.00","13,568.00","13,958.00","13,499.00",8.95K,1.62%
1-Nov-20,"13,756.00","13,788.00","13,829.00","13,679.50",3.11K,-0.23%
2-Nov-20,"13,563.00","13,756.00","13,828.50","13,414.00",6.59K,-1.40%
3-Nov-20,"14,025.00","13,562.00","14,025.00","13,401.00",5.81K,3.41%
4-Nov-20,"14,160.00","14,025.00","14,160.00","13,643.00",10.10K,0.96%
5-Nov-20,"15,574.00","14,160.00","15,574.00","14,160.00",15.90K,9.99%
6-Nov-20,"15,571.70","15,568.00","15,876.00","15,441.00",12.10K,-0.01%
7-Nov-20,"14,844.10","15,571.70","15,610.00","14,734.00",14.37K,-4.67%
8-Nov-20,"15,501.00","14,844.10","15,554.20","14,844.10",6.47K,4.43%
9-Nov-20,"15,329.00","15,501.00","15,687.00","15,063.70",8.95K,-1.11%
10-Nov-20,"15,312.00","15,329.00","15,402.00","15,177.00",3.74K,-0.11%
11-Nov-20,"15,710.00","15,312.00","15,911.60","15,312.00",6.94K,2.60%
12-Nov-20,"16,294.00","15,710.00","16,294.00","15,656.00",12.30K,3.72%
13-Nov-20,"16,310.00","16,296.20","16,405.00","16,079.00",7.70K,0.10%
14-Nov-20,"16,058.30","16,310.00","16,310.00","15,833.00",5.09K,-1.54%
15-Nov-20,"15,962.20","16,057.00","16,095.00","15,871.00",2.56K,-0.60%
16-Nov-20,"16,710.00","15,962.20","16,827.60","15,906.00",6.52K,4.68%
17-Nov-20,"17,674.90","16,710.00","17,740.00","16,627.00",12.21K,5.77%
18-Nov-20,"17,773.00","17,674.90","18,212.00","17,378.60",17.52K,0.56%
19-Nov-20,"17,810.00","17,773.00","18,140.00","17,486.00",5.57K,0.21%
20-Nov-20,"18,669.00","17,810.00","18,699.70","17,810.00",7.97K,4.82%
21-Nov-20,"18,660.00","18,669.00","18,944.50","18,521.00",6.62K,-0.05%
22-Nov-20,"18,399.00","18,660.00","18,668.00","18,122.00",9.10K,-1.40%
23-Nov-20,"18,373.00","18,399.00","18,655.00","18,158.00",8.76K,-0.14%
24-Nov-20,"19,134.80","18,373.00","19,349.00","18,357.00",14.94K,4.15%
25-Nov-20,"18,730.00","19,134.80","19,303.00","18,730.00",13.48K,-2.12%
26-Nov-20,"17,219.00","18,727.00","18,824.00","16,592.00",34.34K,-8.07%
27-Nov-20,"17,169.30","17,211.70","17,492.00","16,614.90",11.21K,-0.29%
28-Nov-20,"17,746.00","17,169.30","17,800.00","16,997.00",5.75K,3.36%
29-Nov-20,"18,196.00","17,746.00","18,212.00","17,579.20",3.99K,2.54%
30-Nov-20,"19,686.00","18,196.00","19,723.00","18,196.00",14.95K,8.19%
1-Dec-20,"18,807.00","19,695.00","19,733.00","18,727.00",21.94K,-4.47%
2-Dec-20,"19,241.00","18,807.00","19,275.00","18,538.00",7.63K,2.31%
3-Dec-20,"19,447.00","19,241.00","19,560.00","18,999.40",5.25K,1.07%
4-Dec-20,"18,657.00","19,452.00","19,452.00","18,657.00",8.65K,-4.06%
5-Dec-20,"19,157.00","18,657.00","19,157.00","18,657.00",3.66K,2.68%
6-Dec-20,"19,410.00","19,157.00","19,410.00","19,015.60",4.33K,1.32%
7-Dec-20,"19,196.00","19,410.00","19,410.00","18,959.40",2.29K,-1.10%
8-Dec-20,"18,335.00","19,196.00","19,299.00","18,335.00",9.62K,-4.49%
9-Dec-20,"18,560.00","18,337.00","18,630.00","17,827.00",9.77K,1.23%
10-Dec-20,"18,260.00","18,560.00","18,560.00","18,155.00",3.66K,-1.62%
11-Dec-20,"18,050.00","18,260.00","18,260.00","17,764.00",6.57K,-1.15%
12-Dec-20,"18,810.60","18,050.00","18,821.00","18,050.00",3.68K,4.21%
13-Dec-20,"19,180.00","18,818.00","19,338.10","18,747.00",4.83K,1.96%
14-Dec-20,"19,281.00","19,180.00","19,281.00","19,076.00",2.53K,0.53%
15-Dec-20,"19,459.00","19,282.00","19,548.00","19,135.00",6.93K,0.92%
16-Dec-20,"21,322.00","19,459.00","21,322.00","19,388.00",21.07K,9.57%
17-Dec-20,"22,806.60","21,322.00","23,492.00","21,322.00",22.87K,6.96%
18-Dec-20,"23,127.00","22,806.60","23,142.00","22,544.00",7.28K,1.41%
19-Dec-20,"23,804.00","23,127.00","24,058.00","22,966.00",9.67K,2.93%
20-Dec-20,"23,427.00","23,804.00","24,099.00","23,331.70",9.60K,-1.58%
21-Dec-20,"22,701.00","23,432.70","23,901.00","22,483.00",14.18K,-3.10%
22-Dec-20,"23,805.00","22,701.00","23,805.00","22,489.70",7.41K,4.86%
23-Dec-20,"23,234.00","23,805.00","23,916.00","22,917.00",12.07K,-2.40%
24-Dec-20,"23,735.00","23,234.00","23,735.00","22,860.00",4.75K,2.16%
25-Dec-20,"24,717.00","23,743.00","24,717.00","23,491.00",13.78K,4.14%
26-Dec-20,"26,412.00","24,717.00","26,577.00","24,566.00",13.15K,6.86%
27-Dec-20,"26,241.00","26,410.00","28,051.10","26,241.00",17.96K,-0.65%
28-Dec-20,"27,058.00","26,241.00","27,308.00","26,241.00",7.60K,3.11%
29-Dec-20,"27,315.00","27,058.00","27,315.00","25,923.00",8.92K,0.95%
30-Dec-20,"28,880.00","27,316.00","28,892.00","27,316.00",10.51K,5.73%
31-Dec-20,"28,933.00","28,880.00","29,133.00","28,358.00",12.22K,0.18%
1-Jan-21,"29,346.00","28,933.00","29,498.00","28,932.00",8.33K,1.43%
2-Jan-21,"32,185.00","29,346.00","33,168.00","29,192.00",22.01K,9.67%
3-Jan-21,"32,971.00","32,183.00","34,253.00","32,110.00",18.91K,2.44%
4-Jan-21,"32,020.00","32,971.00","33,403.00","29,178.00",24.68K,-2.88%
5-Jan-21,"33,996.00","32,020.00","33,996.00","30,979.10",14.48K,6.17%
6-Jan-21,"36,755.00","33,986.00","36,755.00","33,901.00",18.62K,8.12%
7-Jan-21,"39,407.00","36,755.00","39,672.00","36,755.00",22.11K,7.22%
8-Jan-21,"40,509.00","39,407.00","41,616.00","37,723.00",21.79K,2.80%
9-Jan-21,"40,171.00","40,509.00","41,046.00","38,966.00",8.17K,-0.83%
10-Jan-21,"38,226.00","40,171.00","41,209.30","37,436.00",19.01K,-4.84%
11-Jan-21,"35,476.00","38,226.00","38,226.00","31,842.00",48.04K,-7.19%
12-Jan-21,"34,103.00","35,448.00","35,838.60","33,616.00",22.18K,-3.87%
13-Jan-21,"37,375.00","34,106.00","37,418.00","33,160.00",14.89K,9.59%
14-Jan-21,"39,170.00","37,374.00","39,750.00","37,193.00",12.97K,4.80%
15-Jan-21,"36,741.00","39,145.00","39,476.00","35,268.00",15.55K,-6.20%
16-Jan-21,"36,055.00","36,741.00","37,750.00","35,809.00",10.84K,-1.87%
17-Jan-21,"35,903.00","36,061.00","36,570.00","33,914.00",9.85K,-0.42%
18-Jan-21,"36,699.00","35,913.00","36,906.00","35,180.00",8.41K,2.22%
19-Jan-21,"35,958.00","36,699.00","37,673.00","35,958.00",9.61K,-2.02%
20-Jan-21,"35,521.10","35,915.00","36,263.00","33,447.00",14.14K,-1.22%
21-Jan-21,"30,873.00","35,522.00","35,522.00","30,609.00",22.35K,-13.09%
22-Jan-21,"33,062.00","30,852.00","33,631.00","28,991.00",15.72K,7.09%
23-Jan-21,"32,217.00","33,062.00","33,062.00","31,773.00",8.93K,-2.56%